AC929A,ACCELL
AC929B,ACCELL
AC929C,ACCELL
AC929D,ACCELL
AC929E,ACCELL
AC929F,ACCELL
COL924A,USCOLLIMATOR
COL931A,DSCOLLIMATOR
ECMAG,C-MAG
FCOL,F_COL
H910,6-4-120
H911,6-4-120
H912,6-3-120
H916,6-3-120
H917,6-4-120
H918,6-4-120
HDA10,MDC
HT949,CR
HT952,CR
PCOL,P_COL
V901,EDWA
V906,MDC
V907,MDC
V936,CR
VT940,CR
VT942,CR
V943,CR
Q901,SQA
Q902,SQD
Q903,SQD
Q904,SQD
Q905,SQA
Q906,SQC
Q907,SQD
Q908,SQA
Q909,SQA
Q910,SQC
Q911,SQC
Q912,SQA
Q913,SQD
Q914,SQD
Q915,SQD
Q916,SQD
Q917,SQA
Q918,SQC
Q919,SQA
Q920,SQA
Q921,SQA
Q922,SQA
Q923,SQA
Q924,SQA
Q925,SQA
Q926,SQA
Q927,SQA
Q928,SQB
Q929,SQA
Q930,SQA
Q931,SQA
Q932,SQA
Q933,SQB
Q934,SQB
Q935,SQE
Q936,SQB
Q937,LQC
Q938,LQD
Q939,LQC
Q940,SQA
Q941,LQC
Q942,LQD
Q943,LQC