duplicate_collection	duplicate_source_path	canonical_collection	canonical_source_path	destination	sha256
export	new_transmission_table.csv	export	new_transmission.csv	reference_results/tables/new_transmission.csv	01dc3293baa9b627585b1c8e6b85e1f6a55071e395508d3e716b9de077bd90bd
parent-direct	ExtrBeamTransToCMAG-D.dat	export	ExtrBeamTransToCMAG-D.dat	data/large_inputs/ExtrBeamTransToCMAG-D.dat	cf7c836f923dd814f87ca7a6645edff3a02c0c9c05bcf021186002ed9e6b8149
2017_01_03	DRGen.C	export	DRGen.C	source/analysis/DRGen.C	c0dce4e303185c839925e04941076eba9830117584a444f4c374eecd9aa137fe
2017_01_03	EmitGen.C	export	EmitGen.C	source/analysis/EmitGen.C	6efaa99cad05109a8e651d39625b97a9b9eafb6c39dd1e6527f07faf4cda969b
2017_01_03	MAD_Eliana/line_shifted_new.seq	export	MAD_Eliana/line_shifted_new.seq	source/lattice/MAD_Eliana/line_shifted_new.seq	6b829a6b8982867be328bf2e14ea945e96b2630d50d428e919c1ed23460ca432
2017_01_03	MAD_Eliana/m4.def	export	MAD_Eliana/m4.def	source/lattice/MAD_Eliana/m4.def	497d807507452270ee186b026ba7c6500b1c4c3ee40af17f5c13d816ea56c9b0
2017_01_03	MAD_Eliana/m4.log	export	MAD_Eliana/m4.log	source/lattice/MAD_Eliana/m4.log	1155577f46ca053c3e9823e24aef4deff207a39d71d3b0127e0636b3e4a24377
2017_01_03	MAD_Eliana/mu2e_downstream.g4bl_seg0	export	MAD_Eliana/mu2e_downstream.g4bl_seg0	source/lattice/MAD_Eliana/mu2e_downstream.g4bl_seg0	a85b9410a092880206778c3d719a787563b6f3ded5ffe93931ff06cdc65056f7
2017_01_03	MAD_Eliana/mu2e_downstream.g4bl_seg1	export	MAD_Eliana/mu2e_downstream.g4bl_seg1	source/lattice/MAD_Eliana/mu2e_downstream.g4bl_seg1	9902a67b1ed7e72008ba2de120ace5606bd367710a65bd1aae1cb15d934968b1
2017_01_03	MAD_Eliana/mu2e_downstream.g4bl_seg2	export	MAD_Eliana/mu2e_downstream.g4bl_seg2	source/lattice/MAD_Eliana/mu2e_downstream.g4bl_seg2	25a8f7d482537192c6f19a2797353a3bc239d641b8083395c863766978b0c7ea
2017_01_03	MAD_Eliana/mu2e_types.csv	export	MAD_Eliana/mu2e_types.csv	source/lattice/MAD_Eliana/mu2e_types.csv	9d0bba7c9048d9dc11f9750ace04c27bbc91ee283561992ac0b8313e13161949
2017_01_03	MAD_Eliana/mu2e_upstream.g4bl_seg0	export	MAD_Eliana/mu2e_upstream.g4bl_seg0	source/lattice/MAD_Eliana/mu2e_upstream.g4bl_seg0	849e81f46232c5b51ceebead46c01d13126f989a04a21cbfdeb96a34cbd80bc6
2017_01_03	MAD_Eliana/mu2e_upstream.g4bl_seg1	export	MAD_Eliana/mu2e_upstream.g4bl_seg1	source/lattice/MAD_Eliana/mu2e_upstream.g4bl_seg1	6bf01e8e6e21e6cbd69f690af62aef8658faf3f997fe1804bf2d8d0c591ff111
2017_01_03	MAD_Eliana/mu2e_upstream.g4bl_seg2	export	MAD_Eliana/mu2e_upstream.g4bl_seg2	source/lattice/MAD_Eliana/mu2e_upstream.g4bl_seg2	d1a269b226ef926717b44a336299511db34c66c63c79730138fea9cef2c2de46
2017_01_03	MAD_Eliana/mu2e_upstream.g4bl_seg3	export	MAD_Eliana/mu2e_upstream.g4bl_seg3	source/lattice/MAD_Eliana/mu2e_upstream.g4bl_seg3	25840f873dcd723d538d2187689acada0b2d3b6116b57a88fa67ed5dadb67f22
2017_01_03	MAD_Eliana/mu2e_upstream.g4bl_seg4	export	MAD_Eliana/mu2e_upstream.g4bl_seg4	source/lattice/MAD_Eliana/mu2e_upstream.g4bl_seg4	4a67f8d8925c2fca14590d33f93cd9feeb674020e8e9193414331358acda5a6d
2017_01_03	MAD_Eliana/mu2e_upstream.g4bl_seg5	export	MAD_Eliana/mu2e_upstream.g4bl_seg5	source/lattice/MAD_Eliana/mu2e_upstream.g4bl_seg5	250263435aeb7e9c0ba32d8c5672964638c151b150c04764b7f3d44f7e197ea4
2017_01_03	MAD_Eliana/mu2e_upstream.g4bl_seg6	export	MAD_Eliana/mu2e_upstream.g4bl_seg6	source/lattice/MAD_Eliana/mu2e_upstream.g4bl_seg6	fc5212a63c00e943b51b9cd969db8231cc27a0df88ae8bc0e92442ecd2a9dbea
2017_01_03	MAD_Eliana/mu2e_upstream.g4bl_seg7	export	MAD_Eliana/mu2e_upstream.g4bl_seg7	source/lattice/MAD_Eliana/mu2e_upstream.g4bl_seg7	19bada92c1a2f6996bfcafb7f53309424d9ce5f7e0f31197c846c87a34107603
2017_01_03	MAD_Eliana/mu2e_upstream.g4bl_seg8	export	MAD_Eliana/mu2e_upstream.g4bl_seg8	source/lattice/MAD_Eliana/mu2e_upstream.g4bl_seg8	7427f628fa280db8366643551015af456ca534889cb2850ea6a06440d50ba58b
2017_01_03	MAD_Eliana/mu2e_upstream.g4bl_seg9	export	MAD_Eliana/mu2e_upstream.g4bl_seg9	source/lattice/MAD_Eliana/mu2e_upstream.g4bl_seg9	b59a79f37d3eaefab680437d7b8c3adc9baaea62364719a0e0af334bef8064b0
2017_01_03	MAD_Eliana/values.dat	export	MAD_Eliana/values.dat	source/lattice/MAD_Eliana/values.dat	7f27d7b34308af4fe7177c51ff56dfd76f0211ab3d5d74066e47fa4e4f4a498e
2017_01_03	mu2e_magnets.g4bl	export	mu2e_magnets.g4bl	source/lattice/mu2e_magnets.g4bl	41756a93794b6a2b8375136545a10f35ad8d59d9ed7151f19e6922aaa054536f
