destination	bytes	mtime_ns	mode	sha256	source_collection	source_path
conversion/mad2g4bl.py	11362	1584049338000000000	0o644	5b457d97606ec86f7788773e5414b2082dcb45f5e69df9adf3fd2df13ae8055a	website-tool	mad2g4bl.py
data/large_inputs/ExtrBeamDSC-magL12noDiff.dat	19262735	1429023708000000000	0o644	0136b4eb07135ca7c0147fa2dc2d26b5c7728e79229327652e375f1e50f3d94b	export	ExtrBeamDSC-magL12noDiff.dat
data/large_inputs/ExtrBeamTransToCMAG-D.dat	49465532	1449863040000000000	0o644	cf7c836f923dd814f87ca7a6645edff3a02c0c9c05bcf021186002ed9e6b8149	export	ExtrBeamTransToCMAG-D.dat
data/large_inputs/exttracks_rot_1800000.root	45192824	1449885032000000000	0o644	7df4c14fcb651c9259293b33ca9e5ae645d9ad8a6b61a13095af64c36f055edb	parent-direct	exttracks_rot_1800000.root
data/large_inputs/exttracks_rot_e30_e40_1800000.root	13577449	1449883962000000000	0o644	583286959bb1cdd94df638a62c52c10412e8e3f6a852d0cc9bb4a2fbf130cf74	parent-direct	exttracks_rot_e30_e40_1800000.root
data/large_inputs/mu2e_downstream.root	17985327	1450129258000000000	0o644	7e5cefcb2fad3f2eb615dbfa4e9d47a804a717ee541f6d2eedef96cd748ffc0a	parent-direct	mu2e_downstream.root
data/large_inputs/mu2e_upstream.root	18010516	1488398009000000000	0o644	3853c89068ffd225a358b52309d87f812cf8d8034ecddd8fade34ff75f848968	parent-direct	mu2e_upstream.root
data/large_inputs/mu2e_upstream_gaussian.root	16404038	1474303943000000000	0o644	50404b83ff69620be6bfdb06ab0ba8f4d4e403bddb38714461a1efd5f73c4196	parent-direct	mu2e_upstream_gaussian.root
historical_docs/originals/AAAREADME_g4beamline.html	4259	1418942256000000000	0o644	e0ef87910e21953e6161629a2e5f2cf8dc1170626b488f992dba044e8a32369b	website-docs	AAAREADME_g4beamline.html
historical_docs/originals/AAAREADME_g4beamline_grid.html	2234	1444936828000000000	0o644	a3d0dc422e756b3efe2371dc6e342ea7bcaae7b96fc1bc547b57bb2e70544b59	website-docs	AAAREADME_g4beamline_grid.html
historical_docs/originals/AAAREADME_mad2g4bl.html	10020	1584048785000000000	0o644	4bff42ef208639a7e1e472286087d3f2b66ea5a715d2f31dad608496798e2b6b	website-docs	AAAREADME_mad2g4bl.html
historical_docs/originals/AAA_g4beamline_study.html	13096	1786830032585903144	0o644	7c40b61b9a1fbf6a9fb521ae393d16374e177aec4918b3966a50fd7d68fcb203	website-docs	AAA_g4beamline_study.html
historical_docs/originals/prebys_docdb-4054-v4 Beam Transmission and Extinction in the Mu2e Beam Line.pdf	3854311	1675876879419191200	0o777	a7c0a6e6cc32eaa361dec9e0a98c24101d7191713e6932e35c7759062c4350d3	docdb-attachment	prebys_docdb-4054-v4 Beam Transmission and Extinction in the Mu2e Beam Line.pdf
historical_docs/originals/site_directory_index.html	2599	1786830099366974682	0o644	c4591b2956f99e25bc6251ffe90220f6da8243481a39c777787de3c267759b6a	parent-direct	index.html
historical_snapshots/2017_01_03/MAD_Eliana/m4.madx	2005	1471904769000000000	0o644	aee63bb3d436a3599218e1bafb0c542fc9b8e0656d7a599f28e32397623c691c	2017_01_03	MAD_Eliana/m4.madx
historical_snapshots/2017_01_03/MAD_Eliana/survey_new.tfs	80950	1473965421000000000	0o644	11b4e730cc4996ca08a0e7e148167a654171441f81367c89a5e1ef61943484b0	2017_01_03	MAD_Eliana/survey_new.tfs
historical_snapshots/2017_01_03/MAD_Eliana/twiss_errors.tfs	72170	1473965421000000000	0o644	ae1de2df365fd4b8e3cd25ae02a117a3630e2db706381661f7a56b31c219ca47	2017_01_03	MAD_Eliana/twiss_errors.tfs
historical_snapshots/2017_01_03/MAD_Eliana/twiss_new.tfs	91798	1473965475000000000	0o644	e01b8dd6ce80eb1470d9584260999959d2bae073c633a046fa4f0e3d5d586f16	2017_01_03	MAD_Eliana/twiss_new.tfs
historical_snapshots/2017_01_03/mu2e_full_W_0.0.g4bl	10314	1474305108000000000	0o644	f023d8c048a21390271a5105ea7e306304bd4e2f857941cacfc18d78f763c140	2017_01_03	mu2e_full_W_0.0.g4bl
provenance/DOWNLOAD_MANIFEST_2026-08-15.md	2899	1787030637463216625	0o644	4a19c89b4eb50c7c647eb00b43d9893380adf30da0322ef25d7cc1963b7a05e0	local-download-record	DOWNLOAD_MANIFEST.md
reference_results/figures/g4out.ps	2095933	1429207632000000000	0o644	b0ee1128ee54e6d2a97fe88afed3beed99f620d9af325ad77cacbb3707d887de	export	g4out.ps
reference_results/figures/intial_phase_space.png	36118	1449883740000000000	0o644	5e1e11bcc9e8f16a85c356a622bd42e1d9e4480647765a3e2e1a7e43ed98fc0a	export	intial_phase_space.png
reference_results/figures/sqa.png	1814389	1395955984000000000	0o644	5e56d3899f5a33f7fb5493f80e2f467a2e4b9855acd4d69c8d8ca660a53a703e	export	sqa.png
reference_results/figures/us_phase_space_col.png	30320	1429205644000000000	0o644	7e40190f7312c7b84fea7e7bcdbbe98a42fad2718bd55a332280d314f01f6d83	export	us_phase_space_col.png
reference_results/figures/us_phase_space_nocol.png	30258	1429205509000000000	0o644	3806153764ff194c51717719dcb6d5993cb29fef807e2c7e86f445b5326d7e00	export	us_phase_space_nocol.png
reference_results/large_outputs/us_phase_space_col.pdf	29988789	1429198923000000000	0o644	27d011577131a77d5e5e9066259773b2fbacbc4e8e9045f29c51ac026a28f2fa	export	us_phase_space_col.pdf
reference_results/large_outputs/us_phase_space_nocol.pdf	30027796	1429197896000000000	0o644	96112a39ea8db2427cef5e894cf3a88e38eed66210659dd1103a90c4779b64e9	export	us_phase_space_nocol.pdf
reference_results/scan_outputs/mu2e-0-1-SS/mu2e-0-1-SS-2.0-100000000.root.png	11220	1450390822000000000	0o644	23ec2f602a649af20ffd4454096b58fa9ff3f082cc3f5e9059a06be14b2f98d8	export	mu2e-0-1-SS/mu2e-0-1-SS-2.0-100000000.root.png
reference_results/scan_outputs/mu2e-0-1-SS/mu2e-0-1-SS-2.1-100000000.root.png	10962	1450390822000000000	0o644	9831e4ccf05be8d9f87d0406ca2698748517182074fa3d86cc6e89c9064cf3f6	export	mu2e-0-1-SS/mu2e-0-1-SS-2.1-100000000.root.png
reference_results/scan_outputs/mu2e-0-1-SS/mu2e-0-1-SS-2.2-100000000.root.png	10488	1450390822000000000	0o644	d7c3218d448cd2a8814e5075179db0efcacc29cfad6a7b7f34591e8e7c1da903	export	mu2e-0-1-SS/mu2e-0-1-SS-2.2-100000000.root.png
reference_results/scan_outputs/mu2e-0-1-SS/mu2e-0-1-SS-2.3-100000000.root.png	10338	1450390822000000000	0o644	03101d9bcb910ba28c936c258c96854f13b9f56f1c0540e6c54077a6f3fc3e9f	export	mu2e-0-1-SS/mu2e-0-1-SS-2.3-100000000.root.png
reference_results/scan_outputs/mu2e-0-1-SS/mu2e-0-1-SS-2.4-100000000.root.png	10640	1450390822000000000	0o644	0bc1407246686c3f36770d114ebdc5529332946041f91e4854148595cdc1c854	export	mu2e-0-1-SS/mu2e-0-1-SS-2.4-100000000.root.png
reference_results/scan_outputs/mu2e-0-1-W/g4bl.out	4111	1453337500000000000	0o644	5cd99119bc8b9d7d3e07ab984e90afe952c1db563793661ab1733af077cc2002	export	mu2e-0-1-W/g4bl.out
reference_results/scan_outputs/mu2e-0-1-W/mu2e-0-1-W-2.0-100000000.root.png	20283	1450302658000000000	0o644	5ebe337bd3855ff0b4f09c8c8cdf7294590127708be6c5b72ad9c358c6a651c3	export	mu2e-0-1-W/mu2e-0-1-W-2.0-100000000.root.png
reference_results/scan_outputs/mu2e-0-1-W/mu2e-0-1-W-2.1-100000000.root.png	18928	1450306007000000000	0o644	0b74c4600b6ee1d1ce14b68f5e723f607c5a5f717556f673010fcbf4dd0233c5	export	mu2e-0-1-W/mu2e-0-1-W-2.1-100000000.root.png
reference_results/scan_outputs/mu2e-0-1-W/mu2e-0-1-W-2.2-100000000.root.png	18467	1450306024000000000	0o644	3b60744a37d45e711054cf8956fb6c0a5912f11c54a4e352ff81e30c16d165c4	export	mu2e-0-1-W/mu2e-0-1-W-2.2-100000000.root.png
reference_results/scan_outputs/mu2e-0-1-W/mu2e-0-1-W-2.3-100000000.root.png	18336	1450306226000000000	0o644	c11a1e31dba2ffa750fc672cbfac76e4ec5310dd42fa1748be205adfb7f11641	export	mu2e-0-1-W/mu2e-0-1-W-2.3-100000000.root.png
reference_results/scan_outputs/mu2e-0-1-W/mu2e-0-1-W-2.4-100000000.root.pdf	16115	1450301628000000000	0o644	1226515add5507483dcb6f357b10cda54b10eec8b159f66beaab3010cdc0b48a	export	mu2e-0-1-W/mu2e-0-1-W-2.4-100000000.root.pdf
reference_results/scan_outputs/mu2e-0-1-W/mu2e-0-1-W-2.4-100000000.root.png	17645	1450301768000000000	0o644	f032f882750741a677a461c1a5b6cd33f55f2dfba5ca0893c6fe5cbf21628af5	export	mu2e-0-1-W/mu2e-0-1-W-2.4-100000000.root.png
reference_results/scan_outputs/mu2e-0-1-W/mu2e-0-1-W-2.5-100000000.root.png	9661	1450390801000000000	0o644	12c3a886369bd9a603d2f2a2d139ce1321dcf6718b13422c523d7fa98efdc6e7	export	mu2e-0-1-W/mu2e-0-1-W-2.5-100000000.root.png
reference_results/scan_outputs/mu2e-0-1-W/mu2e-0-1-W-2.6-100000000.root.png	9488	1450390801000000000	0o644	acffdce359cca5b0ebd6b98629afba80b12bbee98a1cf880c575f62e46601d6e	export	mu2e-0-1-W/mu2e-0-1-W-2.6-100000000.root.png
reference_results/scan_outputs/mu2e-0-1-W/mu2e-0-1-W-2.7-100000000.root.png	9266	1450390801000000000	0o644	e7ed318ee345249285c878df450336a802e97efe2c122dcad816553d43742208	export	mu2e-0-1-W/mu2e-0-1-W-2.7-100000000.root.png
reference_results/scan_outputs/mu2e-0-1-W/mu2e-0-1-W-2.8-100000000.root.png	9385	1450390801000000000	0o644	c56d8275b1a8329d3a057f3cd9d64b7f1a967f267edd5a5ea2e32315f4549721	export	mu2e-0-1-W/mu2e-0-1-W-2.8-100000000.root.png
reference_results/scan_outputs/mu2e-0-1-W/mu2e-0-1-W-2.9-100000000.root.png	9384	1450390801000000000	0o644	8c5d6578ae465bbf5b6b91319bd9e45a16c4b3f0f94be7f35e3c595ecae5651d	export	mu2e-0-1-W/mu2e-0-1-W-2.9-100000000.root.png
reference_results/scan_outputs/mu2e-1-1-NOCLEAN/mu2e-1-1-NOCLEAN_10.0-100000000.root.pdf	16120	1450226475000000000	0o644	49fc931e1a0f7c723d7480ae5c9748ea385a28eba5bd04531c47f385bff65632	export	mu2e-1-1-NOCLEAN/mu2e-1-1-NOCLEAN_10.0-100000000.root.pdf
reference_results/scan_outputs/mu2e-1-1-NOCLEAN/mu2e-1-1-NOCLEAN_2.0-100000000.root.pdf	22061	1450217227000000000	0o644	d878e15040c64bdaa44eb731f4829d8cc8e2e80560b92120cb99cbf4ff808b26	export	mu2e-1-1-NOCLEAN/mu2e-1-1-NOCLEAN_2.0-100000000.root.pdf
reference_results/scan_outputs/mu2e-1-1-NOCLEAN/mu2e-1-1-NOCLEAN_2.1-100000000.root.pdf	21041	1450217246000000000	0o644	9ea9d659fd64090ba682fda3cde787679725fe7b8fdb5384a1f699aeeb470c91	export	mu2e-1-1-NOCLEAN/mu2e-1-1-NOCLEAN_2.1-100000000.root.pdf
reference_results/scan_outputs/mu2e-1-1-NOCLEAN/mu2e-1-1-NOCLEAN_2.2-100000000.root.pdf	20607	1450217265000000000	0o644	d2ef8b961daa05b8f2a95c88f44c7ec330bd206a3f0c53c5feadbb66112a932d	export	mu2e-1-1-NOCLEAN/mu2e-1-1-NOCLEAN_2.2-100000000.root.pdf
reference_results/scan_outputs/mu2e-1-1-NOCLEAN/mu2e-1-1-NOCLEAN_2.3-100000000.root.pdf	20444	1450217281000000000	0o644	8acfb0a7f9086a0448a2a7d9a693dd9955e99eb0ce05d4fb4cd9abc60e9cac43	export	mu2e-1-1-NOCLEAN/mu2e-1-1-NOCLEAN_2.3-100000000.root.pdf
reference_results/scan_outputs/mu2e-1-1-NOCLEAN/mu2e-1-1-NOCLEAN_2.4-100000000.root.pdf	20116	1450217295000000000	0o644	6199fb66b4d2d2ebdabcfd972e9eedc3270dd85d9d95f4591e2e50ae671fd1c5	export	mu2e-1-1-NOCLEAN/mu2e-1-1-NOCLEAN_2.4-100000000.root.pdf
reference_results/scan_outputs/mu2e-1-1-NOCLEAN/mu2e-1-1-NOCLEAN_2.5-100000000.root.pdf	19512	1450217311000000000	0o644	7b49417161daae32626abfe65a4d30578cc0844e0f0c875d275ee84ec2ef9b09	export	mu2e-1-1-NOCLEAN/mu2e-1-1-NOCLEAN_2.5-100000000.root.pdf
reference_results/scan_outputs/mu2e-1-1-NOCLEAN/mu2e-1-1-NOCLEAN_2.6-100000000.root.pdf	19843	1450217325000000000	0o644	67a7978b9f0b2e3ac2ef550c1e78f7ba68a88a54cfea893ba474e62fe0785e92	export	mu2e-1-1-NOCLEAN/mu2e-1-1-NOCLEAN_2.6-100000000.root.pdf
reference_results/scan_outputs/mu2e-1-1-NOCLEAN/mu2e-1-1-NOCLEAN_2.7-100000000.root.pdf	19921	1450217339000000000	0o644	32ba1a5cf956defdc10c8a22b797a711dc62fead87dc1ebb3521d1a359e60b7e	export	mu2e-1-1-NOCLEAN/mu2e-1-1-NOCLEAN_2.7-100000000.root.pdf
reference_results/scan_outputs/mu2e-1-1-NOCLEAN/mu2e-1-1-NOCLEAN_2.8-100000000.root.pdf	19574	1450217351000000000	0o644	7404fef9ce55179a6bd7a76377462651e4e481fe12fa27c36f9751cfc4ad5a4b	export	mu2e-1-1-NOCLEAN/mu2e-1-1-NOCLEAN_2.8-100000000.root.pdf
reference_results/scan_outputs/mu2e-1-1-NOCLEAN/mu2e-1-1-NOCLEAN_2.9-100000000.root.pdf	19633	1450217364000000000	0o644	004b42a4b4a5fa7ddc91399de749e41f69eabf1b57dd5455755881dc3f5c2857	export	mu2e-1-1-NOCLEAN/mu2e-1-1-NOCLEAN_2.9-100000000.root.pdf
reference_results/scan_outputs/mu2e-1-1-NOCLEAN/mu2e-1-1-NOCLEAN_3.0-100000000.root.pdf	19291	1450226382000000000	0o644	6fd6ff57dfc1da5e39c40dc493fec7a12fa41251d6e983541ed9346421ae7857	export	mu2e-1-1-NOCLEAN/mu2e-1-1-NOCLEAN_3.0-100000000.root.pdf
reference_results/scan_outputs/mu2e-1-1-NOCLEAN/mu2e-1-1-NOCLEAN_4.0-100000000.root.pdf	17087	1450226412000000000	0o644	a8e2d8026c1d88a80d7c299bcebc331257b4dcbd3dd1299725a94e262284d8ce	export	mu2e-1-1-NOCLEAN/mu2e-1-1-NOCLEAN_4.0-100000000.root.pdf
reference_results/scan_outputs/mu2e-1-1-NOCLEAN/mu2e-1-1-NOCLEAN_5.0-100000000.root.pdf	16472	1450226424000000000	0o644	2e2c55d14510820521aae5781bbb926324c77c14a375e784a2115b48a4ea0068	export	mu2e-1-1-NOCLEAN/mu2e-1-1-NOCLEAN_5.0-100000000.root.pdf
reference_results/scan_outputs/mu2e-1-1-NOCLEAN/mu2e-1-1-NOCLEAN_6.0-100000000.root.pdf	16485	1450226434000000000	0o644	b0fa694084b6ba475577c5d240d2ea35df7033c789b13336de3b51a630078b00	export	mu2e-1-1-NOCLEAN/mu2e-1-1-NOCLEAN_6.0-100000000.root.pdf
reference_results/scan_outputs/mu2e-1-1-NOCLEAN/mu2e-1-1-NOCLEAN_7.0-100000000.root.pdf	16350	1450226445000000000	0o644	b2a4d2926bab7ab9c7194c7bcbc85adcf7d143be98c877c4b9dc34eb665507e9	export	mu2e-1-1-NOCLEAN/mu2e-1-1-NOCLEAN_7.0-100000000.root.pdf
reference_results/scan_outputs/mu2e-1-1-NOCLEAN/mu2e-1-1-NOCLEAN_8.0-100000000.root.pdf	16176	1450226454000000000	0o644	7d7c46587498f77af2c96853962bc5a8c4577052397a3e093d7ab4e93c09a4a4	export	mu2e-1-1-NOCLEAN/mu2e-1-1-NOCLEAN_8.0-100000000.root.pdf
reference_results/scan_outputs/mu2e-1-1-NOCLEAN/mu2e-1-1-NOCLEAN_9.0-100000000.root.pdf	15975	1450226464000000000	0o644	84acbb1ea90844364b20a9265402aabc8c884425fbe97fe920fa991d0f7d33b0	export	mu2e-1-1-NOCLEAN/mu2e-1-1-NOCLEAN_9.0-100000000.root.pdf
reference_results/scan_outputs/mu2e-1-1-NOTAILCOL/mu2e-1-1-NOTAILCOL_10.0-100000000.root.pdf	16031	1450214620000000000	0o644	686b8c9c4d6d8f7825632b6ea6d145cabc0eeaf4c88ebe1c4573b7f2c06f64fe	export	mu2e-1-1-NOTAILCOL/mu2e-1-1-NOTAILCOL_10.0-100000000.root.pdf
reference_results/scan_outputs/mu2e-1-1-NOTAILCOL/mu2e-1-1-NOTAILCOL_2.0-100000000.root.pdf	18419	1450209754000000000	0o644	b9e73a30cc342e9cb88043b859ad6d645e2ad9a5284330aa430d01357eb00499	export	mu2e-1-1-NOTAILCOL/mu2e-1-1-NOTAILCOL_2.0-100000000.root.pdf
reference_results/scan_outputs/mu2e-1-1-NOTAILCOL/mu2e-1-1-NOTAILCOL_2.1-100000000.root.pdf	17653	1450210005000000000	0o644	950eb93178982c81f18a795bd0cf8332f54d0f877d6d717964f82aa067666971	export	mu2e-1-1-NOTAILCOL/mu2e-1-1-NOTAILCOL_2.1-100000000.root.pdf
reference_results/scan_outputs/mu2e-1-1-NOTAILCOL/mu2e-1-1-NOTAILCOL_2.2-100000000.root.pdf	16910	1450210015000000000	0o644	7ef412e8bda9095d5f4891f3b8f956eaefe91ae4eae5622866fa4990d78fd89c	export	mu2e-1-1-NOTAILCOL/mu2e-1-1-NOTAILCOL_2.2-100000000.root.pdf
reference_results/scan_outputs/mu2e-1-1-NOTAILCOL/mu2e-1-1-NOTAILCOL_2.3-100000000.root.pdf	16835	1450210025000000000	0o644	33a52236ff10ea910be38f41960d3d12addf17dcc6e85f492081d1a78d431afc	export	mu2e-1-1-NOTAILCOL/mu2e-1-1-NOTAILCOL_2.3-100000000.root.pdf
reference_results/scan_outputs/mu2e-1-1-NOTAILCOL/mu2e-1-1-NOTAILCOL_2.4-100000000.root.pdf	16704	1450210052000000000	0o644	f251c6ac24078535bf52d8b84f75636d203c62af553071245f04cdda0289aad9	export	mu2e-1-1-NOTAILCOL/mu2e-1-1-NOTAILCOL_2.4-100000000.root.pdf
reference_results/scan_outputs/mu2e-1-1-NOTAILCOL/mu2e-1-1-NOTAILCOL_2.5-100000000.root.pdf	16579	1450210068000000000	0o644	72b8ffcb9a2c628c05655fd14f6f304f2cf6cd7e66bd8265505b6b18bb061cf6	export	mu2e-1-1-NOTAILCOL/mu2e-1-1-NOTAILCOL_2.5-100000000.root.pdf
reference_results/scan_outputs/mu2e-1-1-NOTAILCOL/mu2e-1-1-NOTAILCOL_2.6-100000000.root.pdf	16443	1450210080000000000	0o644	d2f33437df0cfedcb3609d9398f345354b71a332ca06939b65d1a4e895b128ef	export	mu2e-1-1-NOTAILCOL/mu2e-1-1-NOTAILCOL_2.6-100000000.root.pdf
reference_results/scan_outputs/mu2e-1-1-NOTAILCOL/mu2e-1-1-NOTAILCOL_2.7-100000000.root.pdf	16284	1450210093000000000	0o644	36f9fd82a70cfb01f3e727f0d98aa1a370ca16f399986ce421385ef35ed92cff	export	mu2e-1-1-NOTAILCOL/mu2e-1-1-NOTAILCOL_2.7-100000000.root.pdf
reference_results/scan_outputs/mu2e-1-1-NOTAILCOL/mu2e-1-1-NOTAILCOL_2.8-100000000.root.pdf	16542	1450210107000000000	0o644	79985367b336c5dd87c27a9b38854782058d5c84f10f54faf4a72ce13432242f	export	mu2e-1-1-NOTAILCOL/mu2e-1-1-NOTAILCOL_2.8-100000000.root.pdf
reference_results/scan_outputs/mu2e-1-1-NOTAILCOL/mu2e-1-1-NOTAILCOL_2.9-100000000.root.pdf	16292	1450210117000000000	0o644	1bce61e478cb2dbe3b525dfa014363bd00222e5677900e573e609181334cb347	export	mu2e-1-1-NOTAILCOL/mu2e-1-1-NOTAILCOL_2.9-100000000.root.pdf
reference_results/scan_outputs/mu2e-1-1-NOTAILCOL/mu2e-1-1-NOTAILCOL_3.0-100000000.root.pdf	16309	1450214522000000000	0o644	99ffb8794e071e0e9af982d7b94a03cf0e568bd025729c2098b487f5e046e336	export	mu2e-1-1-NOTAILCOL/mu2e-1-1-NOTAILCOL_3.0-100000000.root.pdf
reference_results/scan_outputs/mu2e-1-1-NOTAILCOL/mu2e-1-1-NOTAILCOL_4.0-100000000.root.pdf	16348	1450214537000000000	0o644	f8c5147b8b6946dbd7f84055114f53d31a0a3b0dde52de2ddf2f6174f43de55d	export	mu2e-1-1-NOTAILCOL/mu2e-1-1-NOTAILCOL_4.0-100000000.root.pdf
reference_results/scan_outputs/mu2e-1-1-NOTAILCOL/mu2e-1-1-NOTAILCOL_5.0-100000000.root.pdf	16264	1450214550000000000	0o644	c3ee2a7a8fc475ae104199fe7aed0417ea83729ab30361cd2253a3b6c7d76668	export	mu2e-1-1-NOTAILCOL/mu2e-1-1-NOTAILCOL_5.0-100000000.root.pdf
reference_results/scan_outputs/mu2e-1-1-NOTAILCOL/mu2e-1-1-NOTAILCOL_6.0-100000000.root.pdf	16328	1450214569000000000	0o644	2779dd01f45a959b66e1b473942f726d1fe8a268eb4e7213447c34db422348f9	export	mu2e-1-1-NOTAILCOL/mu2e-1-1-NOTAILCOL_6.0-100000000.root.pdf
reference_results/scan_outputs/mu2e-1-1-NOTAILCOL/mu2e-1-1-NOTAILCOL_7.0-100000000.root.pdf	16043	1450214581000000000	0o644	02691ccef6af0228dc271ba33e9a308e3c67a76f74b29f3109c216beae8fcf12	export	mu2e-1-1-NOTAILCOL/mu2e-1-1-NOTAILCOL_7.0-100000000.root.pdf
reference_results/scan_outputs/mu2e-1-1-NOTAILCOL/mu2e-1-1-NOTAILCOL_8.0-100000000.root.pdf	16204	1450214593000000000	0o644	49a1df6c052fac09be5ce56593f461bd3e7770fbfe9c186ff26318d88e08d894	export	mu2e-1-1-NOTAILCOL/mu2e-1-1-NOTAILCOL_8.0-100000000.root.pdf
reference_results/scan_outputs/mu2e-1-1-NOTAILCOL/mu2e-1-1-NOTAILCOL_9.0-100000000.root.pdf	16089	1450214605000000000	0o644	12f12b500521b5205d3ec55a27a2f168171bdb74d49ca30e65e0419ab77db7d2	export	mu2e-1-1-NOTAILCOL/mu2e-1-1-NOTAILCOL_9.0-100000000.root.pdf
reference_results/scan_outputs/mu2e-1-1-NOUSCOL/mu2e-1-1-NOUSCOL_10.0-100000000.root.pdf	15339	1450234034000000000	0o644	d7a5e8970571c2de5e98e9db11ed7cd043f3e55757c85bcf9a0ebb8842e80e1f	export	mu2e-1-1-NOUSCOL/mu2e-1-1-NOUSCOL_10.0-100000000.root.pdf
reference_results/scan_outputs/mu2e-1-1-NOUSCOL/mu2e-1-1-NOUSCOL_2.0-100000000.root.pdf	15336	1450232028000000000	0o644	1a0eb9fd0c8868a38157383d257f61afa6d6e9451a7f4f5347145f615b6f139c	export	mu2e-1-1-NOUSCOL/mu2e-1-1-NOUSCOL_2.0-100000000.root.pdf
reference_results/scan_outputs/mu2e-1-1-NOUSCOL/mu2e-1-1-NOUSCOL_2.1-100000000.root.pdf	15339	1450233540000000000	0o644	d8bdd0d2d4efaf51f8cd4caa303a5a73df0c7445adf79cb32d3b32d4d5a2075b	export	mu2e-1-1-NOUSCOL/mu2e-1-1-NOUSCOL_2.1-100000000.root.pdf
reference_results/scan_outputs/mu2e-1-1-NOUSCOL/mu2e-1-1-NOUSCOL_2.3-100000000.root.pdf	15395	1450233546000000000	0o644	d164e90ea09722c89560f272257e71468e93181adb75d2e9bae1d0a78b0410ff	export	mu2e-1-1-NOUSCOL/mu2e-1-1-NOUSCOL_2.3-100000000.root.pdf
reference_results/scan_outputs/mu2e-1-1-NOUSCOL/mu2e-1-1-NOUSCOL_2.4-100000000.root.pdf	15341	1450233566000000000	0o644	2d4c3c19c00599eae0def67054d8e7a94da4c432dafb4839e588837f37f6d028	export	mu2e-1-1-NOUSCOL/mu2e-1-1-NOUSCOL_2.4-100000000.root.pdf
reference_results/scan_outputs/mu2e-1-1-NOUSCOL/mu2e-1-1-NOUSCOL_2.5-100000000.root.pdf	15328	1450233571000000000	0o644	a9159a52ce518dce1680cfbbcc74d5cdb7c1ba90cefb26d3d3c91b9691b38bf2	export	mu2e-1-1-NOUSCOL/mu2e-1-1-NOUSCOL_2.5-100000000.root.pdf
reference_results/scan_outputs/mu2e-1-1-NOUSCOL/mu2e-1-1-NOUSCOL_2.6-100000000.root.pdf	15345	1450233577000000000	0o644	79e1fc70eadb91fc02daad06c9a2d50c59bf279d0eae11b6abad779b242f2c8e	export	mu2e-1-1-NOUSCOL/mu2e-1-1-NOUSCOL_2.6-100000000.root.pdf
reference_results/scan_outputs/mu2e-1-1-NOUSCOL/mu2e-1-1-NOUSCOL_2.7-100000000.root.pdf	15408	1450233583000000000	0o644	a189a3e2fc09139c935ffdf6588617821d35de6c0586b0ab71c13befae45618d	export	mu2e-1-1-NOUSCOL/mu2e-1-1-NOUSCOL_2.7-100000000.root.pdf
reference_results/scan_outputs/mu2e-1-1-NOUSCOL/mu2e-1-1-NOUSCOL_2.8-100000000.root.pdf	15400	1450233608000000000	0o644	7ed8efde8e9f49cd4b1f6aac6503e1824b4851e258f38e963baac0bd660f1ce6	export	mu2e-1-1-NOUSCOL/mu2e-1-1-NOUSCOL_2.8-100000000.root.pdf
reference_results/scan_outputs/mu2e-1-1-NOUSCOL/mu2e-1-1-NOUSCOL_2.9-100000000.root.pdf	15326	1450233626000000000	0o644	54aa45693164c9c6a83c6d2fabebf9be9ab5fb2c04c72c774c6247c53fde4944	export	mu2e-1-1-NOUSCOL/mu2e-1-1-NOUSCOL_2.9-100000000.root.pdf
reference_results/scan_outputs/mu2e-1-1-NOUSCOL/mu2e-1-1-NOUSCOL_3.0-100000000.root.pdf	15359	1450234405000000000	0o644	2028bdc43394c16e58faf5e6337365a27ca95cb3b023088d0c2a3702af561513	export	mu2e-1-1-NOUSCOL/mu2e-1-1-NOUSCOL_3.0-100000000.root.pdf
reference_results/scan_outputs/mu2e-1-1-NOUSCOL/mu2e-1-1-NOUSCOL_4.0-100000000.root.pdf	15339	1450234411000000000	0o644	2d3e44a618df5b707be1bf1babb962ee51f79a16c2fc6e1ccc473bb56d590227	export	mu2e-1-1-NOUSCOL/mu2e-1-1-NOUSCOL_4.0-100000000.root.pdf
reference_results/scan_outputs/mu2e-1-1-NOUSCOL/mu2e-1-1-NOUSCOL_5.0-100000000.root.pdf	15447	1450234417000000000	0o644	5539dbd6bbcbcd9097190118f9fe50d8b6922971e12da45b6c4126d0630d947c	export	mu2e-1-1-NOUSCOL/mu2e-1-1-NOUSCOL_5.0-100000000.root.pdf
reference_results/scan_outputs/mu2e-1-1-NOUSCOL/mu2e-1-1-NOUSCOL_6.0-100000000.root.pdf	15338	1450234454000000000	0o644	bbbd3d44307bb83d9ca3309615d40ea73c0365b952085a724b729f3ed62d597c	export	mu2e-1-1-NOUSCOL/mu2e-1-1-NOUSCOL_6.0-100000000.root.pdf
reference_results/scan_outputs/mu2e-1-1-NOUSCOL/mu2e-1-1-NOUSCOL_7.0-100000000.root.pdf	15342	1450234459000000000	0o644	2fe288b31a9624bf7a1ba8fa3c77b27b94c52667c5d1531ea8adbc1625251c4f	export	mu2e-1-1-NOUSCOL/mu2e-1-1-NOUSCOL_7.0-100000000.root.pdf
reference_results/scan_outputs/mu2e-1-1-NOUSCOL/mu2e-1-1-NOUSCOL_8.0-100000000.root.pdf	15328	1450234508000000000	0o644	738e859a4b11b2a7bd65cba423d0b058ba1e3d94f575258f6423b981e0c7c5d1	export	mu2e-1-1-NOUSCOL/mu2e-1-1-NOUSCOL_8.0-100000000.root.pdf
reference_results/scan_outputs/mu2e-1-1-NOUSCOL/mu2e-1-1-NOUSCOL_9.0-100000000.root.pdf	15324	1450234576000000000	0o644	767ab8f20fcec2b407ff35ac7f49cc8c651c9cd04a808a9382b91ea6920e51e2	export	mu2e-1-1-NOUSCOL/mu2e-1-1-NOUSCOL_9.0-100000000.root.pdf
reference_results/scan_outputs/mu2e-1-1-STANDARD/mu2e-1-1-STANDARD-10.0-100000000.root.pdf	15368	1450197588000000000	0o644	12c3ef456b165bfecb0009a04627694cc55a98a88812c50bc06946f5893d5981	export	mu2e-1-1-STANDARD/mu2e-1-1-STANDARD-10.0-100000000.root.pdf
reference_results/scan_outputs/mu2e-1-1-STANDARD/mu2e-1-1-STANDARD-2.0-100000000.root.pdf	15329	1450131965000000000	0o644	84ede59c79aca05ff50b308021a651f30cf50660ba8c1569c48ca7db2c478c57	export	mu2e-1-1-STANDARD/mu2e-1-1-STANDARD-2.0-100000000.root.pdf
reference_results/scan_outputs/mu2e-1-1-STANDARD/mu2e-1-1-STANDARD-2.1-100000000.root.pdf	15339	1450131977000000000	0o644	1456f6f0ebb621cc6826c79ec4360f43e43ebbf59113fd207bd936e74886b1f4	export	mu2e-1-1-STANDARD/mu2e-1-1-STANDARD-2.1-100000000.root.pdf
reference_results/scan_outputs/mu2e-1-1-STANDARD/mu2e-1-1-STANDARD-2.2-100000000.root.pdf	15417	1450132513000000000	0o644	131cc7856606044881faa695c651ced9ec83fa8a17c00c78efdcac22bd3c0788	export	mu2e-1-1-STANDARD/mu2e-1-1-STANDARD-2.2-100000000.root.pdf
reference_results/scan_outputs/mu2e-1-1-STANDARD/mu2e-1-1-STANDARD-2.3-100000000.root.pdf	15333	1450132520000000000	0o644	68cec73845015b44929430bcd07bc90abd9c40613e41ac295f35f2a4d17b673b	export	mu2e-1-1-STANDARD/mu2e-1-1-STANDARD-2.3-100000000.root.pdf
reference_results/scan_outputs/mu2e-1-1-STANDARD/mu2e-1-1-STANDARD-2.4-100000000.root.pdf	15387	1450132525000000000	0o644	f14025909d618531d7f71b168900586f25cdeaac73ecfbd3c1df042f9742df6c	export	mu2e-1-1-STANDARD/mu2e-1-1-STANDARD-2.4-100000000.root.pdf
reference_results/scan_outputs/mu2e-1-1-STANDARD/mu2e-1-1-STANDARD-2.5-100000000.root.pdf	15359	1450132746000000000	0o644	06978a77eb4a9a3c5e8762b014b1f43198d1e17ef8a9dab245d9bf6f2a1f073e	export	mu2e-1-1-STANDARD/mu2e-1-1-STANDARD-2.5-100000000.root.pdf
reference_results/scan_outputs/mu2e-1-1-STANDARD/mu2e-1-1-STANDARD-2.6-100000000.root.pdf	15357	1450195364000000000	0o644	9e878553b41dcdcbb13f8c5ce4ddf17655099cc9bc33de6ef2f2f95a8f151c36	export	mu2e-1-1-STANDARD/mu2e-1-1-STANDARD-2.6-100000000.root.pdf
reference_results/scan_outputs/mu2e-1-1-STANDARD/mu2e-1-1-STANDARD-2.7-100000000.root.pdf	15419	1450195389000000000	0o644	bb3b66d4c791b5d61f82b4ee935a0d38c9c1ce5d810b6cc083d29f87405a70ef	export	mu2e-1-1-STANDARD/mu2e-1-1-STANDARD-2.7-100000000.root.pdf
reference_results/scan_outputs/mu2e-1-1-STANDARD/mu2e-1-1-STANDARD-2.8-100000000.root.pdf	15386	1450195403000000000	0o644	ebb0a2d7b3d76188642e95e59927e0bbf615c7037c044dbb0803fe237debd47e	export	mu2e-1-1-STANDARD/mu2e-1-1-STANDARD-2.8-100000000.root.pdf
reference_results/scan_outputs/mu2e-1-1-STANDARD/mu2e-1-1-STANDARD-2.9-100000000.root.pdf	15340	1450195409000000000	0o644	55c144e419095cf705cd11fb29dec5c66e3bc3c9e13455ae9a30a90c64f5d36a	export	mu2e-1-1-STANDARD/mu2e-1-1-STANDARD-2.9-100000000.root.pdf
reference_results/scan_outputs/mu2e-1-1-STANDARD/mu2e-1-1-STANDARD-3.0-100000000.root.pdf	15340	1450195423000000000	0o644	df82a0332bc5e4099a8d1f0cb9505e3efa1e8b097cc08ace77fab0fdbd567ebc	export	mu2e-1-1-STANDARD/mu2e-1-1-STANDARD-3.0-100000000.root.pdf
reference_results/scan_outputs/mu2e-1-1-STANDARD/mu2e-1-1-STANDARD-4.0-100000000.root.pdf	15331	1450195429000000000	0o644	124c9e78256d7ea5a3edda81f479b9d08fba4790adc601761da9208a4f7282f3	export	mu2e-1-1-STANDARD/mu2e-1-1-STANDARD-4.0-100000000.root.pdf
reference_results/scan_outputs/mu2e-1-1-STANDARD/mu2e-1-1-STANDARD-5.0-100000000.root.pdf	15347	1450201386000000000	0o644	8e222cc34c84fff6b017aac76d4126d30971b3067c4a3e406a7c7477a7a6618b	export	mu2e-1-1-STANDARD/mu2e-1-1-STANDARD-5.0-100000000.root.pdf
reference_results/scan_outputs/mu2e-1-1-STANDARD/mu2e-1-1-STANDARD-6.0-100000000.root.pdf	15328	1450197551000000000	0o644	3fd5069aba88004ddf17db3bb549b6fb1af7934203e4cd6c031a473ef3de81e3	export	mu2e-1-1-STANDARD/mu2e-1-1-STANDARD-6.0-100000000.root.pdf
reference_results/scan_outputs/mu2e-1-1-STANDARD/mu2e-1-1-STANDARD-7.0-100000000.root.pdf	15262	1450197557000000000	0o644	8929f5a621c999a2630f59652e76debb1fc6835e8344ccfca61adfeb05a09672	export	mu2e-1-1-STANDARD/mu2e-1-1-STANDARD-7.0-100000000.root.pdf
reference_results/scan_outputs/mu2e-1-1-STANDARD/mu2e-1-1-STANDARD-8.0-100000000.root.pdf	15409	1450197564000000000	0o644	6da5f98f502ee8356673bfa572062f69b4c9c355acd274352741522934975071	export	mu2e-1-1-STANDARD/mu2e-1-1-STANDARD-8.0-100000000.root.pdf
reference_results/scan_outputs/mu2e-1-1-STANDARD/mu2e-1-1-STANDARD-9.0-100000000.root.pdf	15330	1450197580000000000	0o644	a878eec17c22ed3bcc5dc1d442d312e628af3165f9d2b3800fcc13d9ec2f91dc	export	mu2e-1-1-STANDARD/mu2e-1-1-STANDARD-9.0-100000000.root.pdf
reference_results/tables/Calculations.xlsx	4444778	1449955603000000000	0o644	51b0a58ce5db11244d7ff807f6b6e66db0cd6226c2c5c4be88a5220a3369cd6d	export	Calculations.xlsx
reference_results/tables/new_transmission.csv	258	1429203716000000000	0o644	01dc3293baa9b627585b1c8e6b85e1f6a55071e395508d3e716b9de077bd90bd	export	new_transmission.csv
reference_results/tables/new_transmission.xlsx	32953	1429203703000000000	0o644	83253a6e891ff6634dbfdada725e01cef15779df23cc8f018e56dee58beb872e	export	new_transmission.xlsx
reference_results/tables/new_transmission_table.xlsx	32952	1429203756000000000	0o644	9699fa604a92524608f6fe93ac37e30485a1ef305e98d1e4574c1e7a01531103	export	new_transmission_table.xlsx
reference_results/tables/quad_dimensions.xlsx	40259	1395963944000000000	0o644	a747ee42d565c0557cb1d1904f40e51efba0815c9127f64caff3c2aa8fd6c690	export	quad_dimensions.xlsx
reference_results/tables/transmission.csv	986	1396486143000000000	0o644	54e088e7e81e82d90c01902b77186292ef606e40119791a8ea53cf054d11fcfe	export	transmission.csv
reference_results/tables/transmission.xlsx	13538	1396486544000000000	0o644	fa32760bb1f272ca8e3799c9ade8093ef6637e6eff92763bd263e2bd857d01aa	export	transmission.xlsx
reference_results/tables/transmission_CD3.xlsx	91745	1462925985000000000	0o644	17c1007b031c5771e88c079eb3cee7cb45ae7591ae46aec11bc10f0e66fb7518	export	transmission_CD3.xlsx
reference_results/tables/transmission_all.xlsx	54482	1450461138000000000	0o644	953881a5c37dc8b8c424d26d1ea15ea133a1813f91ea613406f52d0fef98ab20	export	transmission_all.xlsx
reference_results/tables/transmission_comparison.xlsx	36179	1429207339000000000	0o644	e215a2f03e6e2d4dd77411741974daa751798989033090bb7d26fe9d30a2c2ee	export	transmission_comparison.xlsx
source/analysis/BackTrack.C	2016	1397674845000000000	0o644	2363b37874ad670c40bc2605a5f890ae6a64a9f3429fcaa2edd213972309b5e6	export	BackTrack.C
source/analysis/DRGen.C	9051	1449867094000000000	0o644	c0dce4e303185c839925e04941076eba9830117584a444f4c374eecd9aa137fe	export	DRGen.C
source/analysis/DST.C	1423	1420040950000000000	0o644	58510bb33d1847f71c287f3b93651e55abd64685588ac9fc3ef8762735364a07	export	DST.C
source/analysis/DST.h	22890	1431701869000000000	0o644	c869e5dc3fdd2afb95a2aab0ce43de62ff29093fa71ac805fa02c891c9bb0f0f	export	DST.h
source/analysis/EmitGen.C	3726	1429223096000000000	0o644	6efaa99cad05109a8e651d39625b97a9b9eafb6c39dd1e6527f07faf4cda969b	export	EmitGen.C
source/analysis/ExtTracks.C	1453	1429025127000000000	0o644	5d06f9b1fb0450bc519ff490dde26364dc6fee1377d8d98b3ea2ac72c15efffb	export	ExtTracks.C
source/analysis/ExtTracks.h	4075	1449865140000000000	0o644	59af4bd4fe49037c9119d237f71507fa6ef6e6cf215f84f58b6a4991cf86fe44	export	ExtTracks.h
source/analysis/G4BLProfile.C	1582	1392844686000000000	0o644	459db0d56adef10efaa05d55636585fedf4df48f73ec2cb89f55d13b98af8fa8	export	G4BLProfile.C
source/analysis/G4BLProfile.h	572	1392844677000000000	0o644	3f3e0ac0c0aa0cd696c8f83581e951a7f373cf25b06369c08c14e96c9a194dd9	export	G4BLProfile.h
source/analysis/Survive.C	2886	1431703081000000000	0o644	c7b3e8a043bd79f5be8ca8dd005b73297e322c9e2cf42934bb0e700365545e15	export	Survive.C
source/analysis/TrackGen.C	2802	1400184047000000000	0o644	f876b6fe3e5c2c655ec4e8e2f2fcd9beab1c46080caeb9c3c01905e0dfb8869a	export	TrackGen.C
source/analysis/cut.C	2803	1379023275000000000	0o644	7da7a8038d168fe7e0d7a6944f459c9c98acdafde34c3cbb28f0ef58dec77379	export	cut.C
source/analysis/ext.C	1423	1429024792000000000	0o644	e2962fbbc7f8b2dce43546c92699e3bfc8eb811cdd6f00f5282405777ecf1739	export	ext.C
source/analysis/ext.h	3886	1429024792000000000	0o644	65c1c02d09104cce67a1b4515a1faa835b0c2e41efa61f6140b49f54cd685a68	export	ext.h
source/analysis/makedtscripts.py	805	1450386935000000000	0o644	fac516a923407bb00dcd3cc175c0df9a307b3ea2ddb77dc294d6e88c115128cc	export	makedtscripts.py
source/analysis/transmission.C	1921	1450301904000000000	0o644	c248940338d24ce18937b00e63e91030ce91f925bb304e2fc464b8a0a27a20e0	export	transmission.C
source/analysis/utils.C	676	1401828631000000000	0o644	83e333997a0ccc8784cb27401ed22ac354cad8cdcc320750402d24eedd8ebab0	export	utils.C
source/lattice/MAD_Eliana/.ipynb_checkpoints/m4_xSuite-checkpoint.ipynb	72	1776986214780726600	0o644	4a62b68a633d79c53a6fd8893e8ea42dcf2b9a8a3e907b1b9861661f04f21517	export	MAD_Eliana/.ipynb_checkpoints/m4_xSuite-checkpoint.ipynb
source/lattice/MAD_Eliana/line_shifted_new.seq	17969	1463072402000000000	0o644	6b829a6b8982867be328bf2e14ea945e96b2630d50d428e919c1ed23460ca432	export	MAD_Eliana/line_shifted_new.seq
source/lattice/MAD_Eliana/m4.def	13856	1463076215000000000	0o644	497d807507452270ee186b026ba7c6500b1c4c3ee40af17f5c13d816ea56c9b0	export	MAD_Eliana/m4.def
source/lattice/MAD_Eliana/m4.log	154699	1471904775000000000	0o644	1155577f46ca053c3e9823e24aef4deff207a39d71d3b0127e0636b3e4a24377	export	MAD_Eliana/m4.log
source/lattice/MAD_Eliana/m4.madx	2408	1762465209820010600	0o644	b0f3b9932922a67a31351c6e5a25a3768465a38bd652a05c2a0ee95af85f1051	export	MAD_Eliana/m4.madx
source/lattice/MAD_Eliana/m4.output	511	1777067371889777400	0o644	27078a1fc8796bcc270a98190cbc4d9f3038537cabfe7083d548573f32412459	export	MAD_Eliana/m4.output
source/lattice/MAD_Eliana/m4_xSuite.ipynb	50882	1777071338000357100	0o644	10c6b223daeaf66fd2ab629a8f941824d35305ffd5fa9662593538b99a12f51a	export	MAD_Eliana/m4_xSuite.ipynb
source/lattice/MAD_Eliana/madx.ps	628583	1778191561751651600	0o644	eb3d51ce87357cc14634e480bfbdc4c5ae34be6411136b291ea3a8880cf2691b	export	MAD_Eliana/madx.ps
source/lattice/MAD_Eliana/mu2e_downstream.g4bl_seg0	6293	1474304383000000000	0o644	a85b9410a092880206778c3d719a787563b6f3ded5ffe93931ff06cdc65056f7	export	MAD_Eliana/mu2e_downstream.g4bl_seg0
source/lattice/MAD_Eliana/mu2e_downstream.g4bl_seg1	4203	1474304383000000000	0o644	9902a67b1ed7e72008ba2de120ace5606bd367710a65bd1aae1cb15d934968b1	export	MAD_Eliana/mu2e_downstream.g4bl_seg1
source/lattice/MAD_Eliana/mu2e_downstream.g4bl_seg2	563	1474304383000000000	0o644	25a8f7d482537192c6f19a2797353a3bc239d641b8083395c863766978b0c7ea	export	MAD_Eliana/mu2e_downstream.g4bl_seg2
source/lattice/MAD_Eliana/mu2e_types.csv	783	1473965402000000000	0o644	9d0bba7c9048d9dc11f9750ace04c27bbc91ee283561992ac0b8313e13161949	export	MAD_Eliana/mu2e_types.csv
source/lattice/MAD_Eliana/mu2e_upstream.g4bl_seg0	973	1474304351000000000	0o644	849e81f46232c5b51ceebead46c01d13126f989a04a21cbfdeb96a34cbd80bc6	export	MAD_Eliana/mu2e_upstream.g4bl_seg0
source/lattice/MAD_Eliana/mu2e_upstream.g4bl_seg1	2882	1474304351000000000	0o644	6bf01e8e6e21e6cbd69f690af62aef8658faf3f997fe1804bf2d8d0c591ff111	export	MAD_Eliana/mu2e_upstream.g4bl_seg1
source/lattice/MAD_Eliana/mu2e_upstream.g4bl_seg2	949	1474304351000000000	0o644	d1a269b226ef926717b44a336299511db34c66c63c79730138fea9cef2c2de46	export	MAD_Eliana/mu2e_upstream.g4bl_seg2
source/lattice/MAD_Eliana/mu2e_upstream.g4bl_seg3	1615	1474304351000000000	0o644	25840f873dcd723d538d2187689acada0b2d3b6116b57a88fa67ed5dadb67f22	export	MAD_Eliana/mu2e_upstream.g4bl_seg3
source/lattice/MAD_Eliana/mu2e_upstream.g4bl_seg4	1267	1474304351000000000	0o644	4a67f8d8925c2fca14590d33f93cd9feeb674020e8e9193414331358acda5a6d	export	MAD_Eliana/mu2e_upstream.g4bl_seg4
source/lattice/MAD_Eliana/mu2e_upstream.g4bl_seg5	1007	1474304351000000000	0o644	250263435aeb7e9c0ba32d8c5672964638c151b150c04764b7f3d44f7e197ea4	export	MAD_Eliana/mu2e_upstream.g4bl_seg5
source/lattice/MAD_Eliana/mu2e_upstream.g4bl_seg6	1875	1474304351000000000	0o644	fc5212a63c00e943b51b9cd969db8231cc27a0df88ae8bc0e92442ecd2a9dbea	export	MAD_Eliana/mu2e_upstream.g4bl_seg6
source/lattice/MAD_Eliana/mu2e_upstream.g4bl_seg7	963	1474304351000000000	0o644	19bada92c1a2f6996bfcafb7f53309424d9ce5f7e0f31197c846c87a34107603	export	MAD_Eliana/mu2e_upstream.g4bl_seg7
source/lattice/MAD_Eliana/mu2e_upstream.g4bl_seg8	964	1474304351000000000	0o644	7427f628fa280db8366643551015af456ca534889cb2850ea6a06440d50ba58b	export	MAD_Eliana/mu2e_upstream.g4bl_seg8
source/lattice/MAD_Eliana/mu2e_upstream.g4bl_seg9	5202	1474304351000000000	0o644	b59a79f37d3eaefab680437d7b8c3adc9baaea62364719a0e0af334bef8064b0	export	MAD_Eliana/mu2e_upstream.g4bl_seg9
source/lattice/MAD_Eliana/survey_new.tfs	100850	1778191559287740500	0o644	edb1af9cc37cb43e83e5392836540535c0bbdc65559b495bb6b7259a64e064e8	export	MAD_Eliana/survey_new.tfs
source/lattice/MAD_Eliana/twiss_errors.tfs	72339	1778191561535501900	0o644	69989506b73bf0ffcf8b1ffb267311925cc2b410b450c164570278e6255fb760	export	MAD_Eliana/twiss_errors.tfs
source/lattice/MAD_Eliana/twiss_new.tfs	91971	1778191559144742300	0o644	be1c86d95ecf59dc13782fce98b1c70da4deb9fe28a97f6cea4783183d9ce331	export	MAD_Eliana/twiss_new.tfs
source/lattice/MAD_Eliana/values.dat	1064	1463076273000000000	0o644	7f27d7b34308af4fe7177c51ff56dfd76f0211ab3d5d74066e47fa4e4f4a498e	export	MAD_Eliana/values.dat
source/lattice/embedded_archive/mu2e_MADX.tgzf	9156	1469475382000000000	0o644	870e9edfdf0db0720eb90fce0337037bd0f182d4d3ec2333539fd97417e22f37	export	mu2e_MADX.tgzf
source/lattice/mu2e_magnets.g4bl	3564	1489611727000000000	0o644	41756a93794b6a2b8375136545a10f35ad8d59d9ed7151f19e6922aaa054536f	export	mu2e_magnets.g4bl
source/scan_decks/mu2e-0-1-SS/mu2e_ds_SS_1.8.g4bl	10316	1450383524000000000	0o644	e17fed0cb636bcc85198a71135fb20a0aa753e50b6bfacf54257d9e7ebff9437	export	mu2e-0-1-SS/mu2e_ds_SS_1.8.g4bl
source/scan_decks/mu2e-0-1-SS/mu2e_ds_SS_1.9.g4bl	10316	1450383524000000000	0o644	c278409922d0dbb61860aa13763cd1f6dadd4754d63381300fb2c815c2ec3ff4	export	mu2e-0-1-SS/mu2e_ds_SS_1.9.g4bl
source/scan_decks/mu2e-0-1-SS/mu2e_ds_SS_10.0.g4bl	10317	1450383525000000000	0o644	f6f15a1cf0663bbc7783f342c5e6b132cbc161848b47622495423dbc6440a549	export	mu2e-0-1-SS/mu2e_ds_SS_10.0.g4bl
source/scan_decks/mu2e-0-1-SS/mu2e_ds_SS_2.0.g4bl	10316	1450383524000000000	0o644	3241b8536f7b0745fc8e5fd9d53fd97090b8afc0d14ab6a163598b693e3cfa3b	export	mu2e-0-1-SS/mu2e_ds_SS_2.0.g4bl
source/scan_decks/mu2e-0-1-SS/mu2e_ds_SS_2.1.g4bl	10316	1450383524000000000	0o644	5c63caac617ba51072fd485d30ee4119561b1ddc391eff1ee9685b1bbbf5bb70	export	mu2e-0-1-SS/mu2e_ds_SS_2.1.g4bl
source/scan_decks/mu2e-0-1-SS/mu2e_ds_SS_2.2.g4bl	10316	1450383524000000000	0o644	0b4cb26d5b4c2115613fca779f6d3d409bb527c1530251be9085dfa960a634dd	export	mu2e-0-1-SS/mu2e_ds_SS_2.2.g4bl
source/scan_decks/mu2e-0-1-SS/mu2e_ds_SS_2.3.g4bl	10316	1450383524000000000	0o644	44ecf45276359e9edffb1825a4b25e969040003b365caadc72bd9ee3a60c6a76	export	mu2e-0-1-SS/mu2e_ds_SS_2.3.g4bl
source/scan_decks/mu2e-0-1-SS/mu2e_ds_SS_2.4.g4bl	10316	1450383524000000000	0o644	e13f3d05334537d345df833d4c9af05dd98ec8728e73c51b90ee478fd19a1289	export	mu2e-0-1-SS/mu2e_ds_SS_2.4.g4bl
source/scan_decks/mu2e-0-1-SS/mu2e_ds_SS_2.5.g4bl	10316	1450383524000000000	0o644	9a6fa1a0fc9bc01a9a82feb53d757e3047b59adff136d02b2102529fc255a3e5	export	mu2e-0-1-SS/mu2e_ds_SS_2.5.g4bl
source/scan_decks/mu2e-0-1-SS/mu2e_ds_SS_2.6.g4bl	10316	1450383524000000000	0o644	6584733800dffae117a7421d5c4d4f85bdef0fb02921f11b3fd023888dba5876	export	mu2e-0-1-SS/mu2e_ds_SS_2.6.g4bl
source/scan_decks/mu2e-0-1-SS/mu2e_ds_SS_2.7.g4bl	10316	1450383524000000000	0o644	8d72130539ba3f5b53672036200f388b06d260ee8a27063fde952c74fe295858	export	mu2e-0-1-SS/mu2e_ds_SS_2.7.g4bl
source/scan_decks/mu2e-0-1-SS/mu2e_ds_SS_2.8.g4bl	10316	1450383524000000000	0o644	70fd716ef49a29b59d6ae28d386aaec91c7b89a152bda923376686e5d0eb26d8	export	mu2e-0-1-SS/mu2e_ds_SS_2.8.g4bl
source/scan_decks/mu2e-0-1-SS/mu2e_ds_SS_2.9.g4bl	10316	1450383525000000000	0o644	fa20bba7cb14d5e224752c51499dda56ed25856ccf79d4e55c2265f7ee048392	export	mu2e-0-1-SS/mu2e_ds_SS_2.9.g4bl
source/scan_decks/mu2e-0-1-SS/mu2e_ds_SS_3.0.g4bl	10316	1450383525000000000	0o644	7603b474ce93f44cded431912a7a860aa064d61d1e366d3589cfb17437d36812	export	mu2e-0-1-SS/mu2e_ds_SS_3.0.g4bl
source/scan_decks/mu2e-0-1-SS/mu2e_ds_SS_4.0.g4bl	10316	1450383525000000000	0o644	543b0a4774f5420291e2cf178fa46de7cae1361898ee20e1d7a034c4fad2fd61	export	mu2e-0-1-SS/mu2e_ds_SS_4.0.g4bl
source/scan_decks/mu2e-0-1-SS/mu2e_ds_SS_5.0.g4bl	10316	1450383525000000000	0o644	5de6ec8544c49d8e0a834355edde86a4d374e560ee36f3707500164dbc00ed55	export	mu2e-0-1-SS/mu2e_ds_SS_5.0.g4bl
source/scan_decks/mu2e-0-1-SS/mu2e_ds_SS_6.0.g4bl	10316	1450383525000000000	0o644	4ac1195d983cb66c5320c69bff3dab6886668fbc84e57c09a9efa13a970ba8a5	export	mu2e-0-1-SS/mu2e_ds_SS_6.0.g4bl
source/scan_decks/mu2e-0-1-SS/mu2e_ds_SS_7.0.g4bl	10316	1450383525000000000	0o644	416d2c66630e525db99f42c493c2d8ea6a2739fcb343c3cdc72f3ae3a0a56a70	export	mu2e-0-1-SS/mu2e_ds_SS_7.0.g4bl
source/scan_decks/mu2e-0-1-SS/mu2e_ds_SS_8.0.g4bl	10316	1450383525000000000	0o644	2148d8eeb06c7370df91d9c3d74a6b281254e48b32ef8aa249745815916994ab	export	mu2e-0-1-SS/mu2e_ds_SS_8.0.g4bl
source/scan_decks/mu2e-0-1-SS/mu2e_ds_SS_9.0.g4bl	10316	1450383525000000000	0o644	102359be401c86ab840c13fa7fe0188e56d2ca1ddc1b028a4fb7fe2f9f5f7072	export	mu2e-0-1-SS/mu2e_ds_SS_9.0.g4bl
source/scan_decks/mu2e-0-1-SS/mu2e_ds_SS_xxxx.g4bl	10317	1450235126000000000	0o644	3cca5157fe56ce8cadb27eb7ca5265e6bf41a63050aaaaedf4deb5198fd590eb	export	mu2e-0-1-SS/mu2e_ds_SS_xxxx.g4bl
source/scan_decks/mu2e-0-1-W/mu2e_ds_W_1.8.g4bl	10314	1450383878000000000	0o644	d4299954eae1950d4cbe891da9cad96f3971fff9f59271dd2a5cf0a54cb2cd7c	export	mu2e-0-1-W/mu2e_ds_W_1.8.g4bl
source/scan_decks/mu2e-0-1-W/mu2e_ds_W_1.9.g4bl	10314	1450383878000000000	0o644	40b0bd69ef0ed792b4202bada8786015808977860bd61bcdc2a1bab569d64f62	export	mu2e-0-1-W/mu2e_ds_W_1.9.g4bl
source/scan_decks/mu2e-0-1-W/mu2e_ds_W_10.0.g4bl	10315	1450235042000000000	0o644	937b4cda5c7b1e260e9b71d6f1b86ff5bbd222b0c92310e9e1225b802ee08628	export	mu2e-0-1-W/mu2e_ds_W_10.0.g4bl
source/scan_decks/mu2e-0-1-W/mu2e_ds_W_2.1.g4bl	10314	1450235042000000000	0o644	e4effe9dcbd016a37c77df485345d98b215c11854732232e60ffb1b06a147a16	export	mu2e-0-1-W/mu2e_ds_W_2.1.g4bl
source/scan_decks/mu2e-0-1-W/mu2e_ds_W_2.2.g4bl	10314	1450235042000000000	0o644	ea2ca3b8721245eecaea0bfba557291c33afd058958bbe4e4c7e0a840793e51f	export	mu2e-0-1-W/mu2e_ds_W_2.2.g4bl
source/scan_decks/mu2e-0-1-W/mu2e_ds_W_2.3.g4bl	10314	1450235042000000000	0o644	a3ccf15f43e76ee5a75f5067c784a9a0dfbccba620059814186cf52b3c6ec379	export	mu2e-0-1-W/mu2e_ds_W_2.3.g4bl
source/scan_decks/mu2e-0-1-W/mu2e_ds_W_2.4.g4bl	10314	1450235042000000000	0o644	72936ec920e240841f6a3de2ff0450619d88c6f254f286aa2a372425691f8bb0	export	mu2e-0-1-W/mu2e_ds_W_2.4.g4bl
source/scan_decks/mu2e-0-1-W/mu2e_ds_W_2.5.g4bl	10314	1450235042000000000	0o644	b52055e20c17ffa60667638f237522f414b2db9dea03555e2ab8049a921205c9	export	mu2e-0-1-W/mu2e_ds_W_2.5.g4bl
source/scan_decks/mu2e-0-1-W/mu2e_ds_W_2.6.g4bl	10314	1450235042000000000	0o644	62b5b57f2a4a7ea79d6c563ee9e977831485c812664aa590544decd68708c162	export	mu2e-0-1-W/mu2e_ds_W_2.6.g4bl
source/scan_decks/mu2e-0-1-W/mu2e_ds_W_2.7.g4bl	10314	1450235042000000000	0o644	d00820e40d0ac0b42631403a127d0f1b60cddacc0f285f1b16e875240b654650	export	mu2e-0-1-W/mu2e_ds_W_2.7.g4bl
source/scan_decks/mu2e-0-1-W/mu2e_ds_W_2.8.g4bl	10314	1450235042000000000	0o644	ecd89ac9150573ee036caadf778458a0916f7a79dd536f2505817b7c92c5219c	export	mu2e-0-1-W/mu2e_ds_W_2.8.g4bl
source/scan_decks/mu2e-0-1-W/mu2e_ds_W_2.9.g4bl	10314	1450235042000000000	0o644	72240179d5071286cbf1991cb1c9038003299fbc217b50a55eb5a6a9f162bf23	export	mu2e-0-1-W/mu2e_ds_W_2.9.g4bl
source/scan_decks/mu2e-0-1-W/mu2e_ds_W_3.0.g4bl	10314	1450235042000000000	0o644	15e10e2ba96bd7bc462a6313f875f45e979a3cb7bf4281fe3ac921b92b57bfba	export	mu2e-0-1-W/mu2e_ds_W_3.0.g4bl
source/scan_decks/mu2e-0-1-W/mu2e_ds_W_4.0.g4bl	10314	1450235042000000000	0o644	9b25929e8210d771f6a3fbab2810d8f4de38c20c396369f6a82cf3d81d0b0d04	export	mu2e-0-1-W/mu2e_ds_W_4.0.g4bl
source/scan_decks/mu2e-0-1-W/mu2e_ds_W_5.0.g4bl	10314	1450235042000000000	0o644	56aef464f03fd48bf034aab4948e99867b47cce9c59e0bc8a58b4fb3e0553bd9	export	mu2e-0-1-W/mu2e_ds_W_5.0.g4bl
source/scan_decks/mu2e-0-1-W/mu2e_ds_W_6.0.g4bl	10314	1450235042000000000	0o644	9da11b09e5ffb0c0ffa85e8727a38474cfcccbb6c3dab49b3bf4a566654c6d36	export	mu2e-0-1-W/mu2e_ds_W_6.0.g4bl
source/scan_decks/mu2e-0-1-W/mu2e_ds_W_7.0.g4bl	10314	1450235042000000000	0o644	1d88e75e9f3dfb672eb3b50040736a854b4a02550c1042d0d71a9c68376e40e5	export	mu2e-0-1-W/mu2e_ds_W_7.0.g4bl
source/scan_decks/mu2e-0-1-W/mu2e_ds_W_8.0.g4bl	10314	1450235042000000000	0o644	7a9c4852cd18465d1f205569fb44d65cbb65710c7ef48820750ca8e1838348c3	export	mu2e-0-1-W/mu2e_ds_W_8.0.g4bl
source/scan_decks/mu2e-0-1-W/mu2e_ds_W_9.0.g4bl	10314	1450235042000000000	0o644	e3d989fe1ba22eeaf534345d7a7cb349e52d5042db40d43fa664fc1ee6a04e39	export	mu2e-0-1-W/mu2e_ds_W_9.0.g4bl
source/scan_decks/mu2e-0-1-W/mu2e_ds_W_xxxx.g4bl	10315	1450235024000000000	0o644	deb3ebdab9e7d8061d4eec078ab38ec4950bf938ff4a221a0226ddb6fbe12ab9	export	mu2e-0-1-W/mu2e_ds_W_xxxx.g4bl
source/scan_decks/mu2e-1-1-NOCLEAN/mu2e_full_NOCLEAN_10.0.g4bl	10226	1450133285000000000	0o644	4019f34891344babacea8930633e16af68f086c5b3654fb57ef3a2e8969c3928	export	mu2e-1-1-NOCLEAN/mu2e_full_NOCLEAN_10.0.g4bl
source/scan_decks/mu2e-1-1-NOCLEAN/mu2e_full_NOCLEAN_2.0.g4bl	10225	1450133104000000000	0o644	60535e6053f73a6e79e352f876c79a8b72e9a4af6fecad22763983db9db993e3	export	mu2e-1-1-NOCLEAN/mu2e_full_NOCLEAN_2.0.g4bl
source/scan_decks/mu2e-1-1-NOCLEAN/mu2e_full_NOCLEAN_2.1.g4bl	10225	1450133118000000000	0o644	a449614c7072c5f09e73c3ae14eed53a24ac3db26fb14646cacff991e48512c1	export	mu2e-1-1-NOCLEAN/mu2e_full_NOCLEAN_2.1.g4bl
source/scan_decks/mu2e-1-1-NOCLEAN/mu2e_full_NOCLEAN_2.2.g4bl	10225	1450133126000000000	0o644	2256fc450ddc18dc60107b189d5bd77023365648d378df1af41ea1505e1df582	export	mu2e-1-1-NOCLEAN/mu2e_full_NOCLEAN_2.2.g4bl
source/scan_decks/mu2e-1-1-NOCLEAN/mu2e_full_NOCLEAN_2.3.g4bl	10225	1450133138000000000	0o644	424e1587df977431e79f7a685a60f4d8293d7858475a484628cf252456798c3b	export	mu2e-1-1-NOCLEAN/mu2e_full_NOCLEAN_2.3.g4bl
source/scan_decks/mu2e-1-1-NOCLEAN/mu2e_full_NOCLEAN_2.4.g4bl	10225	1450133147000000000	0o644	cb52f719495a60e83a922657d5e4eec24fef5d86697289e96f65606e5662a5b3	export	mu2e-1-1-NOCLEAN/mu2e_full_NOCLEAN_2.4.g4bl
source/scan_decks/mu2e-1-1-NOCLEAN/mu2e_full_NOCLEAN_2.5.g4bl	10225	1450133154000000000	0o644	1144e276823339e7947f4a3914a2a38e264a9036b7d9e2c1c983ab7bd7a31989	export	mu2e-1-1-NOCLEAN/mu2e_full_NOCLEAN_2.5.g4bl
source/scan_decks/mu2e-1-1-NOCLEAN/mu2e_full_NOCLEAN_2.6.g4bl	10225	1450133164000000000	0o644	69b5a2d3f4f61e5559049b0ea8719ae8857cf96b611af94dcf5c9b48e55380eb	export	mu2e-1-1-NOCLEAN/mu2e_full_NOCLEAN_2.6.g4bl
source/scan_decks/mu2e-1-1-NOCLEAN/mu2e_full_NOCLEAN_2.7.g4bl	10225	1450133172000000000	0o644	a57a0904d9c21e7ee3795ede946646ba8eac56e3e14297d1cd726de6c04d29c7	export	mu2e-1-1-NOCLEAN/mu2e_full_NOCLEAN_2.7.g4bl
source/scan_decks/mu2e-1-1-NOCLEAN/mu2e_full_NOCLEAN_2.8.g4bl	10225	1450133180000000000	0o644	e65e7f235aa1709e65fd9ccb6d1e44df2a786e6707317043a93e77dcacf6b2cc	export	mu2e-1-1-NOCLEAN/mu2e_full_NOCLEAN_2.8.g4bl
source/scan_decks/mu2e-1-1-NOCLEAN/mu2e_full_NOCLEAN_2.9.g4bl	10225	1450133188000000000	0o644	cd954ca4e2011e0113a15df97478ee5644c6461321e520fe3ed96811ea9dee49	export	mu2e-1-1-NOCLEAN/mu2e_full_NOCLEAN_2.9.g4bl
source/scan_decks/mu2e-1-1-NOCLEAN/mu2e_full_NOCLEAN_3.0.g4bl	10225	1450133201000000000	0o644	194267ab79c81f6bafb88b6c31c85c5b211c538353637942a81c7e005352d869	export	mu2e-1-1-NOCLEAN/mu2e_full_NOCLEAN_3.0.g4bl
source/scan_decks/mu2e-1-1-NOCLEAN/mu2e_full_NOCLEAN_4.0.g4bl	10225	1450133211000000000	0o644	0c6883f4e52e6f4e3e445b6b008c6154b8d66918d0d9747d334f5e0f829057fe	export	mu2e-1-1-NOCLEAN/mu2e_full_NOCLEAN_4.0.g4bl
source/scan_decks/mu2e-1-1-NOCLEAN/mu2e_full_NOCLEAN_5.0.g4bl	10225	1450133219000000000	0o644	f63edd35b603aef6f712c5e9a5b3d0f60671b982d33f393b8db39c79e877c9e7	export	mu2e-1-1-NOCLEAN/mu2e_full_NOCLEAN_5.0.g4bl
source/scan_decks/mu2e-1-1-NOCLEAN/mu2e_full_NOCLEAN_6.0.g4bl	10225	1450133234000000000	0o644	24c5f44f4a299c0e09d3184c7d5f276573347b730373732987127993f3da95ae	export	mu2e-1-1-NOCLEAN/mu2e_full_NOCLEAN_6.0.g4bl
source/scan_decks/mu2e-1-1-NOCLEAN/mu2e_full_NOCLEAN_7.0.g4bl	10225	1450133241000000000	0o644	062d679eec6c1df8eca2d1920440ea352e25e303fa48c61b74fcb8cb4d6a8469	export	mu2e-1-1-NOCLEAN/mu2e_full_NOCLEAN_7.0.g4bl
source/scan_decks/mu2e-1-1-NOCLEAN/mu2e_full_NOCLEAN_8.0.g4bl	10225	1450133250000000000	0o644	b85d952e3803ee586b21905d28b58cfe5b450bff115b05ba5e30db5bccf14b21	export	mu2e-1-1-NOCLEAN/mu2e_full_NOCLEAN_8.0.g4bl
source/scan_decks/mu2e-1-1-NOCLEAN/mu2e_full_NOCLEAN_9.0.g4bl	10225	1450133264000000000	0o644	fed6e3080ef7c9d09cfa6af2312f6430b5e96fc98bfe2fb3dc4f5218648dff95	export	mu2e-1-1-NOCLEAN/mu2e_full_NOCLEAN_9.0.g4bl
source/scan_decks/mu2e-1-1-NOTAILCOL/mu2e_full_NOTAILCOL_10.0.g4bl	10229	1450194628000000000	0o644	757d779a9db7c6f2235e67cd1e05b998db3fda0f52fac3d55346c07b78909fca	export	mu2e-1-1-NOTAILCOL/mu2e_full_NOTAILCOL_10.0.g4bl
source/scan_decks/mu2e-1-1-NOTAILCOL/mu2e_full_NOTAILCOL_2.0.g4bl	10228	1450194628000000000	0o644	08215d3c9caeb20a7f7874a4e71e1c3b84a2f1fa51e1f5af3502de222b241cb9	export	mu2e-1-1-NOTAILCOL/mu2e_full_NOTAILCOL_2.0.g4bl
source/scan_decks/mu2e-1-1-NOTAILCOL/mu2e_full_NOTAILCOL_2.1.g4bl	10228	1450194628000000000	0o644	ebbce0dd200341532871333e7f3fae9a1e6f3126b55af548f101f0b797dbe377	export	mu2e-1-1-NOTAILCOL/mu2e_full_NOTAILCOL_2.1.g4bl
source/scan_decks/mu2e-1-1-NOTAILCOL/mu2e_full_NOTAILCOL_2.2.g4bl	10228	1450194628000000000	0o644	e8c4080afc2d55311016b152b5e3d64e88720447d4ed25da4ede041d0b3bf64c	export	mu2e-1-1-NOTAILCOL/mu2e_full_NOTAILCOL_2.2.g4bl
source/scan_decks/mu2e-1-1-NOTAILCOL/mu2e_full_NOTAILCOL_2.3.g4bl	10228	1450194628000000000	0o644	208116b4758aa164adca362e0c8bfbbe6a7fdfb13da61449cde9ad79d22d3952	export	mu2e-1-1-NOTAILCOL/mu2e_full_NOTAILCOL_2.3.g4bl
source/scan_decks/mu2e-1-1-NOTAILCOL/mu2e_full_NOTAILCOL_2.4.g4bl	10228	1450194628000000000	0o644	318c279240dd55d0fa0d75f22df36b56117dd56afcd08b22ec9ed960bea06e39	export	mu2e-1-1-NOTAILCOL/mu2e_full_NOTAILCOL_2.4.g4bl
source/scan_decks/mu2e-1-1-NOTAILCOL/mu2e_full_NOTAILCOL_2.5.g4bl	10228	1450194628000000000	0o644	41d9478cefa09ee96ff3113a03f68a67fcf871a24dc7accc95457c3b9b7d314c	export	mu2e-1-1-NOTAILCOL/mu2e_full_NOTAILCOL_2.5.g4bl
source/scan_decks/mu2e-1-1-NOTAILCOL/mu2e_full_NOTAILCOL_2.6.g4bl	10228	1450194628000000000	0o644	77e25e4388b8df79c060c9b7b29324413321c3eff1fe5c7987c8cf9e57bf3323	export	mu2e-1-1-NOTAILCOL/mu2e_full_NOTAILCOL_2.6.g4bl
source/scan_decks/mu2e-1-1-NOTAILCOL/mu2e_full_NOTAILCOL_2.7.g4bl	10228	1450194628000000000	0o644	c7829f0efcb31950052ca393270ce982612dbe72e011886c645e74a0fd056ab4	export	mu2e-1-1-NOTAILCOL/mu2e_full_NOTAILCOL_2.7.g4bl
source/scan_decks/mu2e-1-1-NOTAILCOL/mu2e_full_NOTAILCOL_2.8.g4bl	10228	1450194628000000000	0o644	5dea3da42468cb9e6e7f5931453b150d34694d0752443c7ef9a0a1f79175c458	export	mu2e-1-1-NOTAILCOL/mu2e_full_NOTAILCOL_2.8.g4bl
source/scan_decks/mu2e-1-1-NOTAILCOL/mu2e_full_NOTAILCOL_2.9.g4bl	10228	1450194628000000000	0o644	8240164058278d2d8e230820c0e8ee9b19a0bd5a179677e9bdc8981f5a573c3a	export	mu2e-1-1-NOTAILCOL/mu2e_full_NOTAILCOL_2.9.g4bl
source/scan_decks/mu2e-1-1-NOTAILCOL/mu2e_full_NOTAILCOL_3.0.g4bl	10228	1450194628000000000	0o644	4e5ef56581abd5a5b880089f18715be08709c08e9464f52a09e6d427bc2168ca	export	mu2e-1-1-NOTAILCOL/mu2e_full_NOTAILCOL_3.0.g4bl
source/scan_decks/mu2e-1-1-NOTAILCOL/mu2e_full_NOTAILCOL_4.0.g4bl	10228	1450194628000000000	0o644	f17d17328834cc5623c8b6e426fbce88a65ca46a398b15d3e8cf1730d5d98d6e	export	mu2e-1-1-NOTAILCOL/mu2e_full_NOTAILCOL_4.0.g4bl
source/scan_decks/mu2e-1-1-NOTAILCOL/mu2e_full_NOTAILCOL_5.0.g4bl	10228	1450194628000000000	0o644	e8487f6e3724b55f1c87f92b7b1801dfa4b24ba3d8dd37bf1f440c2ffbe423fc	export	mu2e-1-1-NOTAILCOL/mu2e_full_NOTAILCOL_5.0.g4bl
source/scan_decks/mu2e-1-1-NOTAILCOL/mu2e_full_NOTAILCOL_6.0.g4bl	10228	1450194628000000000	0o644	315b9ceecd0688679f7fad41927a1b42e2577c2785168ba53a168b71d8af6607	export	mu2e-1-1-NOTAILCOL/mu2e_full_NOTAILCOL_6.0.g4bl
source/scan_decks/mu2e-1-1-NOTAILCOL/mu2e_full_NOTAILCOL_7.0.g4bl	10228	1450194628000000000	0o644	7bdd5b5f8093495c8e5c69bb39aa68b82a4fc051d888b27424693c7a1aa10ada	export	mu2e-1-1-NOTAILCOL/mu2e_full_NOTAILCOL_7.0.g4bl
source/scan_decks/mu2e-1-1-NOTAILCOL/mu2e_full_NOTAILCOL_8.0.g4bl	10228	1450194628000000000	0o644	d8485b03b070737d1a780828059f92dbc3b3bb8c1d51da55aa95d211e2627b5a	export	mu2e-1-1-NOTAILCOL/mu2e_full_NOTAILCOL_8.0.g4bl
source/scan_decks/mu2e-1-1-NOTAILCOL/mu2e_full_NOTAILCOL_9.0.g4bl	10228	1450194628000000000	0o644	51f3a97a10d6a9bc85235683115b7afa50a122dd942a2f2d26e1a0f0b648122c	export	mu2e-1-1-NOTAILCOL/mu2e_full_NOTAILCOL_9.0.g4bl
source/scan_decks/mu2e-1-1-NOTAILCOL/mu2e_full_NOTAILCOL_xxxx.g4bl	10229	1450194555000000000	0o644	0c6922a2e5458dd474c2b4688e55ff064aec024a95433b7bc8fbcfab748799fb	export	mu2e-1-1-NOTAILCOL/mu2e_full_NOTAILCOL_xxxx.g4bl
source/scan_decks/mu2e-1-1-NOUSCOL/mu2e_full_NOUSCOL_10.0.g4bl	10227	1450194897000000000	0o644	2ffb0f8aec9c764a8696893808a78e896c1905dd54564c10db8752dc5d3224b0	export	mu2e-1-1-NOUSCOL/mu2e_full_NOUSCOL_10.0.g4bl
source/scan_decks/mu2e-1-1-NOUSCOL/mu2e_full_NOUSCOL_2.0.g4bl	10226	1450194897000000000	0o644	67d0949faa03a0b7a300a980519d1ca5ef6ddd56a0b53c4894f10c362a35c5c5	export	mu2e-1-1-NOUSCOL/mu2e_full_NOUSCOL_2.0.g4bl
source/scan_decks/mu2e-1-1-NOUSCOL/mu2e_full_NOUSCOL_2.1.g4bl	10226	1450194897000000000	0o644	18f5cde436809edbf23290680e1a2ccf1d26ae3ce47470d3b39986dec88965f1	export	mu2e-1-1-NOUSCOL/mu2e_full_NOUSCOL_2.1.g4bl
source/scan_decks/mu2e-1-1-NOUSCOL/mu2e_full_NOUSCOL_2.2.g4bl	10226	1450194897000000000	0o644	768dce16bcdddc18fc05822c5297b2bc03b4cec2e8dfbc616ac7b9368c27e9c6	export	mu2e-1-1-NOUSCOL/mu2e_full_NOUSCOL_2.2.g4bl
source/scan_decks/mu2e-1-1-NOUSCOL/mu2e_full_NOUSCOL_2.3.g4bl	10226	1450194897000000000	0o644	33044be9543647bcce81b1b26844021d43d396ba3b7b556b4ea0c830f62a5907	export	mu2e-1-1-NOUSCOL/mu2e_full_NOUSCOL_2.3.g4bl
source/scan_decks/mu2e-1-1-NOUSCOL/mu2e_full_NOUSCOL_2.4.g4bl	10226	1450194897000000000	0o644	4b1c634a431f08729c5260d0203ce119b9fd3090431cfd202f2b34aac3445856	export	mu2e-1-1-NOUSCOL/mu2e_full_NOUSCOL_2.4.g4bl
source/scan_decks/mu2e-1-1-NOUSCOL/mu2e_full_NOUSCOL_2.5.g4bl	10226	1450194897000000000	0o644	1a4416efefd87eb19160a7e4a934d5a2f098e03a756ba587cdca0615fd2d25d8	export	mu2e-1-1-NOUSCOL/mu2e_full_NOUSCOL_2.5.g4bl
source/scan_decks/mu2e-1-1-NOUSCOL/mu2e_full_NOUSCOL_2.6.g4bl	10226	1450194897000000000	0o644	fd6c6b1bc34ccd764366866baeb6b2e3e4b5cc12f95dd29542aff7bcfdb39d5e	export	mu2e-1-1-NOUSCOL/mu2e_full_NOUSCOL_2.6.g4bl
source/scan_decks/mu2e-1-1-NOUSCOL/mu2e_full_NOUSCOL_2.7.g4bl	10226	1450194897000000000	0o644	7c9d6bbbd83de5e23439c013d52c9827b345738edafbf41ead817ea9f9ac6695	export	mu2e-1-1-NOUSCOL/mu2e_full_NOUSCOL_2.7.g4bl
source/scan_decks/mu2e-1-1-NOUSCOL/mu2e_full_NOUSCOL_2.8.g4bl	10226	1450194897000000000	0o644	03368240b8165add1581615149a78d8de94ebf373f5aff8d05148cedac0daede	export	mu2e-1-1-NOUSCOL/mu2e_full_NOUSCOL_2.8.g4bl
source/scan_decks/mu2e-1-1-NOUSCOL/mu2e_full_NOUSCOL_2.9.g4bl	10226	1450194897000000000	0o644	024f7726821475a093339bfd025a2742568b089f9cd9263589b6484baa2879fb	export	mu2e-1-1-NOUSCOL/mu2e_full_NOUSCOL_2.9.g4bl
source/scan_decks/mu2e-1-1-NOUSCOL/mu2e_full_NOUSCOL_3.0.g4bl	10226	1450194897000000000	0o644	1227e901f02076794ee011d9694b112edac5f7fb59ebd708fc2f1b98eb332a93	export	mu2e-1-1-NOUSCOL/mu2e_full_NOUSCOL_3.0.g4bl
source/scan_decks/mu2e-1-1-NOUSCOL/mu2e_full_NOUSCOL_4.0.g4bl	10226	1450194897000000000	0o644	5463c65197b42716730f24ceb3d9d23a9207ecc038eb9be0dd0cba6742df058b	export	mu2e-1-1-NOUSCOL/mu2e_full_NOUSCOL_4.0.g4bl
source/scan_decks/mu2e-1-1-NOUSCOL/mu2e_full_NOUSCOL_5.0.g4bl	10226	1450194897000000000	0o644	76555cfbb95944f2bc2a1dd8ef325f45e260906dbfaa44b3c54bd18cde802a6c	export	mu2e-1-1-NOUSCOL/mu2e_full_NOUSCOL_5.0.g4bl
source/scan_decks/mu2e-1-1-NOUSCOL/mu2e_full_NOUSCOL_6.0.g4bl	10226	1450194897000000000	0o644	6af55874693777673205ac2c105017ed27e620002d51b1aa93d58d29f86b7925	export	mu2e-1-1-NOUSCOL/mu2e_full_NOUSCOL_6.0.g4bl
source/scan_decks/mu2e-1-1-NOUSCOL/mu2e_full_NOUSCOL_7.0.g4bl	10226	1450194897000000000	0o644	90f7de9d676f5d7d60b81eec1754ca43d799db2fc1ade80257153c7297e7b920	export	mu2e-1-1-NOUSCOL/mu2e_full_NOUSCOL_7.0.g4bl
source/scan_decks/mu2e-1-1-NOUSCOL/mu2e_full_NOUSCOL_8.0.g4bl	10226	1450194897000000000	0o644	7f0b14b090a5e89b583816129342141aafc7462d993575a21181d24bf45625de	export	mu2e-1-1-NOUSCOL/mu2e_full_NOUSCOL_8.0.g4bl
source/scan_decks/mu2e-1-1-NOUSCOL/mu2e_full_NOUSCOL_9.0.g4bl	10226	1450194897000000000	0o644	7f1ac911fa4bd9a86f175f5b55676dc68900993969c639c00e5ee38f6c4ffba6	export	mu2e-1-1-NOUSCOL/mu2e_full_NOUSCOL_9.0.g4bl
source/scan_decks/mu2e-1-1-NOUSCOL/mu2e_full_NOUSCOL_xxxx.g4bl	10227	1450194828000000000	0o644	98235d5f9a58332fdc1c1295fbfa768640068a27aeaf387e47267ef7ea68cad5	export	mu2e-1-1-NOUSCOL/mu2e_full_NOUSCOL_xxxx.g4bl
source/scan_decks/mu2e-1-1-STANDARD/mu2e_full_STANDARD_10.0.g4bl	10227	1450127433000000000	0o644	449371c9c8e50b315456e4bcf0ab8a4389062a7563e97020d39e8e2dd51d0a85	export	mu2e-1-1-STANDARD/mu2e_full_STANDARD_10.0.g4bl
source/scan_decks/mu2e-1-1-STANDARD/mu2e_full_STANDARD_2.0.g4bl	10228	1450126734000000000	0o644	bd0deaaac23bcbbd1663c963cdf273705df11b33408c03e59c31fc11e3fce0d1	export	mu2e-1-1-STANDARD/mu2e_full_STANDARD_2.0.g4bl
source/scan_decks/mu2e-1-1-STANDARD/mu2e_full_STANDARD_2.1.g4bl	10228	1450127256000000000	0o644	3b1bc70b60d65c688320106f32a51b20a503761676c6028ea0a994e0cf81144b	export	mu2e-1-1-STANDARD/mu2e_full_STANDARD_2.1.g4bl
source/scan_decks/mu2e-1-1-STANDARD/mu2e_full_STANDARD_2.2.g4bl	10228	1450127267000000000	0o644	1aa1200db5bba377c8a4d71325d24f958baafec81dc2827449459ceaee1e6dcf	export	mu2e-1-1-STANDARD/mu2e_full_STANDARD_2.2.g4bl
source/scan_decks/mu2e-1-1-STANDARD/mu2e_full_STANDARD_2.3.g4bl	10228	1450127280000000000	0o644	98604ec23d6e630b1f6246b1c5fc26516a8d8aaa883d3fafaf1db59ca3e7e273	export	mu2e-1-1-STANDARD/mu2e_full_STANDARD_2.3.g4bl
source/scan_decks/mu2e-1-1-STANDARD/mu2e_full_STANDARD_2.4.g4bl	10228	1450127289000000000	0o644	f020df51381397bbb7710e0b118d4808243379fa4a9cbaa4493d010df6125f71	export	mu2e-1-1-STANDARD/mu2e_full_STANDARD_2.4.g4bl
source/scan_decks/mu2e-1-1-STANDARD/mu2e_full_STANDARD_2.5.g4bl	10226	1450127304000000000	0o644	63dd660040f6a9f569c00518d547cdb39d52be4a25ac0dda5bef6f2ae2ba22b8	export	mu2e-1-1-STANDARD/mu2e_full_STANDARD_2.5.g4bl
source/scan_decks/mu2e-1-1-STANDARD/mu2e_full_STANDARD_2.6.g4bl	10226	1450127316000000000	0o644	7aae3a4737808111d86046029e2fffb8179108eae04a4b5dacf200d9d1e5d6ba	export	mu2e-1-1-STANDARD/mu2e_full_STANDARD_2.6.g4bl
source/scan_decks/mu2e-1-1-STANDARD/mu2e_full_STANDARD_2.7.g4bl	10226	1450127328000000000	0o644	ddeded0ae4dc55e34e41993342a8b407d1f8530c9efe696cb5a206609c0df173	export	mu2e-1-1-STANDARD/mu2e_full_STANDARD_2.7.g4bl
source/scan_decks/mu2e-1-1-STANDARD/mu2e_full_STANDARD_2.8.g4bl	10226	1450127337000000000	0o644	c69645c1a6dff0a8c58a95af72fd1a9a0af00acfa091a701319966c45817915f	export	mu2e-1-1-STANDARD/mu2e_full_STANDARD_2.8.g4bl
source/scan_decks/mu2e-1-1-STANDARD/mu2e_full_STANDARD_2.9.g4bl	10226	1450127349000000000	0o644	82a371b64b520feb6b73cd9478de0a04a8fef69a0fe86976ecf1c32e5710280d	export	mu2e-1-1-STANDARD/mu2e_full_STANDARD_2.9.g4bl
source/scan_decks/mu2e-1-1-STANDARD/mu2e_full_STANDARD_3.0.g4bl	10226	1450127361000000000	0o644	7261e2d826c6ff4fcbd93d8999568c78a6278d3eda048d8064941d9692dd3a62	export	mu2e-1-1-STANDARD/mu2e_full_STANDARD_3.0.g4bl
source/scan_decks/mu2e-1-1-STANDARD/mu2e_full_STANDARD_4.0.g4bl	10226	1450127370000000000	0o644	97ce39f3161d2af111f0e90b8efb6c8d5969890fe61ef641a9cf7cc41ef42863	export	mu2e-1-1-STANDARD/mu2e_full_STANDARD_4.0.g4bl
source/scan_decks/mu2e-1-1-STANDARD/mu2e_full_STANDARD_5.0.g4bl	10226	1450127381000000000	0o644	89eef2200cf2da494ecdcdf0015377002b6ab9b9faa833518d418783bad27ffe	export	mu2e-1-1-STANDARD/mu2e_full_STANDARD_5.0.g4bl
source/scan_decks/mu2e-1-1-STANDARD/mu2e_full_STANDARD_6.0.g4bl	10226	1450127391000000000	0o644	9715e27060fc16d3ef3978d163b3d371785ad69c5819c002e883458f825b39ea	export	mu2e-1-1-STANDARD/mu2e_full_STANDARD_6.0.g4bl
source/scan_decks/mu2e-1-1-STANDARD/mu2e_full_STANDARD_7.0.g4bl	10226	1450127401000000000	0o644	7dac14debebe0612787fc5cb041ac434741479d1f629a8e655d1c2ec001b8838	export	mu2e-1-1-STANDARD/mu2e_full_STANDARD_7.0.g4bl
source/scan_decks/mu2e-1-1-STANDARD/mu2e_full_STANDARD_8.0.g4bl	10226	1450127409000000000	0o644	fd389b8e403cf6525e9efddbabeb2ce43a3e279007f1de3921fb2941e5a0ec24	export	mu2e-1-1-STANDARD/mu2e_full_STANDARD_8.0.g4bl
source/scan_decks/mu2e-1-1-STANDARD/mu2e_full_STANDARD_9.0.g4bl	10226	1450127422000000000	0o644	7757d1c0aba7d55f703c021d8f139031171e7bc9684347a6e815d82a298bc9ed	export	mu2e-1-1-STANDARD/mu2e_full_STANDARD_9.0.g4bl
