family,name,old_signed_k1l_per_m,new_signed_k1l_per_m,relative_change_percent,old_length_m,new_length_m,old_center_s_m,new_center_s_m,center_difference_after_cmag_origin_m
2018,Q901,-0.194098,-0.18733502,-3.4843120485527956,0.4572,0.4229,4.50735,32.38085,-9.99999999971024e-05
2018,Q902,0.24699734,0.20667716,-16.324135312550336,0.82804,0.7938,10.18562,38.0591,-0.00011999999999900979
2018,Q903,-0.28551198,-0.2438003,-14.60943250087089,0.82804,0.7938,12.38538,40.2589,-8.000000000230045e-05
2018,Q904,0.19225618,0.1799037,-6.425010629047135,0.82804,0.7938,14.33493,42.2084,-0.00013000000000218392
2018,Q905,0.01326374,0.01371076,3.37024097275731,0.4572,0.4229,18.41474,46.28825,-9.000000000014552e-05
2018,Q906,-0.21386506,-0.21350405,-0.16880270204024939,0.70104,0.6668,20.90315,48.7766,-0.00014999999999787406
2018,Q907,0.1643615,0.16466314,0.18352229688827215,0.82804,0.7938,26.68731,54.5608,-0.00010999999999938836
2018,Q908,-0.13577646,-0.13223185,-2.6106219001437947,0.4572,0.4229,35.37596839,63.24945,-0.0001183899999972482
2018,Q909,-0.07514822,-0.08570897,14.053227075771058,0.4572,0.4229,37.80511939,65.98345,0.3047306100000071
2018,Q910,0.20059096,0.20853809,3.961858500502702,0.70104,0.6668,41.49495739,69.3685,-5.739000000204442e-05
2018,Q911,-0.16102932,-0.15940433,-1.009126785109693,0.70104,0.6668,46.72763451,74.6011,-0.00013450999999520263
2018,Q912,0.1116503,0.11084454,-0.721681894271653,0.4572,0.4229,51.67078533,79.54425,-0.00013532999999199546
2018,Q913,0.35529378,0.35270918,-0.7274543337066008,0.82804,0.7938,56.5067528,84.3803,-5.2799999991748336e-05
2018,Q914,-0.30057992,-0.29897862,-0.5327368508182495,0.82804,0.7938,57.8005028,85.674,-0.00010279999998630274
2018,Q915,-0.30057992,-0.29779139,-0.9277166618448796,0.82804,0.7938,61.0439488,88.9174,-0.0001487999999980616
2018,Q916,0.35529378,0.35169228,-1.0136681818634696,0.82804,0.7938,62.3376986,90.2112,-9.859999999406455e-05
2018,Q917,0.1116503,0.11031,-1.2004446024775461,0.4572,0.4229,67.17366606,95.04715,-0.00011605999999630967
2018,Q918,-0.16102932,-0.1624884,0.9060958588162693,0.70104,0.6668,72.11681688,99.9903,-0.0001168799999931025
2018,Q919,0.14423616,0.14729779,2.122650797137138,0.4572,0.4229,77.88820695,105.76175,-5.6949999986954936e-05
2018,Q920,-0.14423616,-0.14437627,0.09713930265475845,0.4572,0.4229,82.94307595,110.81655,-0.00012594999998327694
2018,Q921,0.14423616,0.14143948,-1.9389589961352205,0.4572,0.4229,88.19759995,116.07105,-0.00014994999999373704
2018,Q922,-0.14423616,-0.14547395,0.8581689917424251,0.4572,0.4229,93.52867995,121.40215,-0.00012994999998738876
2018,Q923,0.14423616,0.14730572,2.128148724979928,0.4572,0.4229,98.85489495,126.72835,-0.00014494999999214997
2018,Q924,-0.0680887,-0.06703894,-1.5417536243165109,0.4572,0.4229,105.23867495,133.11215,-0.0001249499999858017
2018,Q925,-0.03416704,-0.03871502,13.311015528415693,0.4572,0.4229,110.56488995,138.43835,-0.00013994999997635205
2018,Q926,0.10306616,0.10745704,4.260253802023861,0.4572,0.4229,113.52614995,141.39965,-9.994999999207721e-05
2018,Q927,-0.03090946,-0.03186217,3.0822602530099275,0.4572,0.4229,118.05105795,145.92455,-0.00010794999998609
2018,Q928,-0.13324712,-0.13310483,-0.10678654818204736,0.64008,0.6058,126.89763495,154.7711,-0.0001349500000031867
2018,Q929,0.08633742,0.08628864,-0.05649925605838435,0.4572,0.4229,132.94766395,160.82115,-0.00011395000001357403
2018,Q930,0.09939514,0.09922868,-0.167472977048988,0.4572,0.4229,141.40892395,169.28245,-7.395000000087748e-05
2018,Q931,-0.1208971,-0.12073457,-0.13443664074654915,0.4572,0.4229,146.38458995,174.25805,-0.00013995000000477376
2018,Q932,-0.07114522,-0.07088879,-0.360431804132455,0.4572,0.4229,162.56121995,190.43475,-6.995000001097651e-05
2018,Q933,0.20057446,0.20054625,-0.014064602242980229,0.64008,0.6058,169.80995495,197.6835,-5.494999999200445e-05
2024,Q901,-0.194098,-0.18733502,-3.4843120485527956,0.4572,0.4229,4.50735,32.38085,-9.99999999971024e-05
2024,Q902,0.24699734,0.20667716,-16.324135312550336,0.82804,0.7938,10.18562,38.0591,-0.00011999999999900979
2024,Q903,-0.28551198,-0.2438003,-14.60943250087089,0.82804,0.7938,12.38538,40.2589,-8.000000000230045e-05
2024,Q904,0.19225618,0.1799037,-6.425010629047135,0.82804,0.7938,14.33493,42.2084,-0.00013000000000218392
2024,Q905,0.01326374,0.01371076,3.37024097275731,0.4572,0.4229,18.41474,46.28825,-9.000000000014552e-05
2024,Q906,-0.21386506,-0.21350405,-0.16880270204024939,0.70104,0.6668,20.90315,48.7766,-0.00014999999999787406
2024,Q907,0.1643615,0.16466314,0.18352229688827215,0.82804,0.7938,26.68731,54.5608,-0.00010999999999938836
2024,Q908,-0.13577646,-0.13223185,-2.6106219001437947,0.4572,0.4229,35.37596839,63.24945,-0.0001183899999972482
2024,Q909,-0.07514822,-0.08570897,14.053227075771058,0.4572,0.4229,37.80511939,65.98345,0.3047306100000071
2024,Q910,0.20059096,0.20853809,3.961858500502702,0.70104,0.6668,41.49495739,69.3685,-5.739000000204442e-05
2024,Q911,-0.16102932,-0.15940433,-1.009126785109693,0.70104,0.6668,46.72763451,74.6011,-0.00013450999999520263
2024,Q912,0.1116503,0.11084454,-0.721681894271653,0.4572,0.4229,51.67078533,79.54425,-0.00013532999999199546
2024,Q913,0.35529378,0.35270918,-0.7274543337066008,0.82804,0.7938,56.5067528,84.3803,-5.2799999991748336e-05
2024,Q914,-0.30057992,-0.29897862,-0.5327368508182495,0.82804,0.7938,57.8005028,85.674,-0.00010279999998630274
2024,Q915,-0.30057992,-0.29779139,-0.9277166618448796,0.82804,0.7938,61.0439488,88.9174,-0.0001487999999980616
2024,Q916,0.35529378,0.35169228,-1.0136681818634696,0.82804,0.7938,62.3376986,90.2112,-9.859999999406455e-05
2024,Q917,0.1116503,0.11031,-1.2004446024775461,0.4572,0.4229,67.17366606,95.04715,-0.00011605999999630967
2024,Q918,-0.16102932,-0.1624884,0.9060958588162693,0.70104,0.6668,72.11681688,99.9903,-0.0001168799999931025
2024,Q919,0.14423616,0.14729779,2.122650797137138,0.4572,0.4229,77.88820695,105.76175,-5.6949999986954936e-05
2024,Q920,-0.14423616,-0.14437627,0.09713930265475845,0.4572,0.4229,82.94307595,110.81655,-0.00012594999998327694
2024,Q921,0.14423616,0.14143948,-1.9389589961352205,0.4572,0.4229,88.19759995,116.07105,-0.00014994999999373704
2024,Q922,-0.14423616,-0.14547395,0.8581689917424251,0.4572,0.4229,93.52867995,121.40215,-0.00012994999998738876
2024,Q923,0.14423616,0.14730572,2.128148724979928,0.4572,0.4229,98.85489495,126.72835,-0.00014494999999214997
2024,Q924,-0.0680887,-0.06703894,-1.5417536243165109,0.4572,0.4229,105.23867495,133.11215,-0.0001249499999858017
2024,Q925,-0.03416704,-0.03871502,13.311015528415693,0.4572,0.4229,110.56488995,138.43835,-0.00013994999997635205
2024,Q926,0.10306616,0.10745704,4.260253802023861,0.4572,0.4229,113.52614995,141.39965,-9.994999999207721e-05
2024,Q927,-0.03090946,-0.03186217,3.0822602530099275,0.4572,0.4229,118.05105795,145.92455,-0.00010794999998609
2024,Q928,-0.13324712,-0.13310483,-0.10678654818204736,0.64008,0.6058,126.89763495,154.7711,-0.0001349500000031867
2024,Q929,0.08633742,0.08628864,-0.05649925605838435,0.4572,0.4229,132.94766395,160.82115,-0.00011395000001357403
2024,Q930,0.09939514,0.09922868,-0.167472977048988,0.4572,0.4229,141.40892395,169.28245,-7.395000000087748e-05
2024,Q931,-0.1208971,-0.12073457,-0.13443664074654915,0.4572,0.4229,146.38458995,174.25805,-0.00013995000000477376
2024,Q932,-0.07114522,-0.07088879,-0.360431804132455,0.4572,0.4229,162.56121995,190.43475,-6.995000001097651e-05
2024,Q933,0.20057446,0.20054625,-0.014064602242980229,0.64008,0.6058,169.80995495,197.6835,-5.494999999200445e-05
