original_root	original_path	merged_path	disposition	size_bytes	modified_time	mode_octal	sha256
dean_files	2015_May/m4.def	2015_May/m4.def	retained_after_root_rename	13065	2015-05-20T09:28:32.000000000-07:00	644	ade2e3aefba3e7c75431a9729fd1923c0e1ab4af3879816e12be2d5cf9e02e20
dean_files	2015_May/m4.madx	2015_May/m4.madx	retained_after_root_rename	2670	2015-05-20T09:53:44.000000000-07:00	644	9185163972c3769e74fa6ced55dcec93d2788a7e7af38fa703114137adacadc5
dean_files	2015_May/m4_moved_col923.seq	2015_May/m4_moved_col923.seq	retained_after_root_rename	16247	2015-05-20T09:29:50.000000000-07:00	644	d07dba51c45cebf633e0766c52f88b44db4a552e532f0726ef326aa7527dfddf
dean_files	2015_May/m4_quads.dat	2015_May/m4_quads.dat	retained_after_root_rename	749	2015-05-20T09:18:46.000000000-07:00	644	597b34a3c02786788a418a1765393e2ea0d5e031de97ee6c6151f408f1d09d49
dean_files	2015_May/madx.pdf	2015_May/madx.pdf	retained_after_root_rename	13471	2015-05-20T09:30:08.000000000-07:00	644	e8e8fa7370f117a0cd5f96e50195c784d05cd395671858ed45784da5357cf338
dean_files	2015_Oct/M4 MAD.zip	2015_Oct/M4 MAD.zip	retained_after_root_rename	9840	2015-10-02T16:15:52.000000000-07:00	644	b39dfb04779e2254e870135ceda313981ead8e616a9f02fb398363b93136fb95
dean_files	2015_Oct/m4.def	2015_Oct/m4.def	retained_after_root_rename	13803	2015-10-02T12:04:54.000000000-07:00	644	4ee9d614e5af470bb09c6b95e9e131f4ad9800ed4a41bf6b41ba1fddd92675cf
dean_files	2015_Oct/m4.madx	2015_Oct/m4.madx	retained_after_root_rename	1212	2015-10-02T12:39:48.000000000-07:00	644	dfd39cab0e2049259e004d3a540c5fa98fa1409f3c7e5251cc6782127269374e
dean_files	2015_Oct/m4_quads.dat	2015_Oct/m4_quads.dat	retained_after_root_rename	749	2015-10-02T12:39:36.000000000-07:00	644	3828458ebbe15b29111cf3696be79904ea84b28da72c0382fd0d29847f0cd7e0
dean_files	2015_Oct/m4_tempo.seq	2015_Oct/m4_tempo.seq	retained_after_root_rename	18879	2015-10-02T12:34:04.000000000-07:00	644	6b72c3c85ee1fdc814c058edd2dc9cda7885a2644b3d00d4742d2207a9e8f226
dean_files	2016_Apr/line_shifted.seq	2016_Apr/line_shifted.seq	retained_after_root_rename	16049	2016-04-05T13:34:48.000000000-07:00	644	30a5fef27eb8ecdcff0a790092b445d4f483051c8608f0483f47b9c1c613e993
dean_files	2016_Apr/m4.def	2016_Apr/m4.def	retained_after_root_rename	12936	2016-03-31T17:52:52.000000000-07:00	644	68f30fade53111c1396bf49609b5ff1c2f5d86b8e21d859056c5c79635e6bae8
dean_files	2016_Apr/m4.madx	2016_Apr/m4.madx	retained_after_root_rename	1206	2016-03-31T16:19:08.000000000-07:00	644	002b9a37c709b6dddcaca63f7cc37b13287016447c81735aa7c907edce187f1d
dean_files	2016_Apr/quads_all.dat	2016_Apr/quads_all.dat	retained_after_root_rename	813	2016-05-04T10:23:16.000000000-07:00	644	19cf8a9065e0735d77ca30541cde9c9aeb7b192a07c62625d9cf96a51c9e9d4c
dean_files	2016_Mar_11/diag.seq	2016_Mar_11/diag.seq	retained_after_root_rename	12490	2016-03-31T17:14:08.000000000-07:00	644	ca9906001dffb3da2261e2630c0d90758a8c68816085f7a756a2e3d6da9b0385
dean_files	2016_Mar_11/m4.def	2016_Mar_11/m4.def	retained_after_root_rename	10981	2016-03-11T15:47:42.000000000-08:00	644	404eed2fe962e8168412b9901b82ca3f93bc49826f4a87a732622bc45b1658b6
dean_files	2016_Mar_11/m4.madx	2016_Mar_11/m4.madx	retained_after_root_rename	899	2016-03-11T16:01:44.000000000-08:00	644	4ff48d77ab3a9f25f64dc44784574242227a60fc54b3c851f80faf5b45ddfb52
dean_files	2016_Mar_11/m4.seq	2016_Mar_11/m4.seq	retained_after_root_rename	13596	2016-03-11T15:55:24.000000000-08:00	644	e717f0d2353b58f9b6654b11bd60648fe0de0e9dcbd89beb0a9b54f4d1c08048
dean_files	2016_May-Nov_Storage/diag.seq	2016_May-Nov_Storage/diag.seq	retained_after_root_rename	13674	2016-05-18T09:25:00.000000000-07:00	644	89d5eb1a98b8b99a792734b9a2c249c49c0b5bd360f75933ace9efc0127e6b1d
dean_files	2016_May-Nov_Storage/diag_line.madx	2016_May-Nov_Storage/diag_line.madx	retained_after_root_rename	1419	2016-05-04T11:33:42.000000000-07:00	644	113ba3fc00cd569211fcd5e93aba73756e9463debe78c56885c6c6e1b0f35e8b
dean_files	2016_May-Nov_Storage/line_shifted_new.seq	2016_May-Nov_Storage/line_shifted_new.seq	retained_after_root_rename	17984	2016-11-11T12:53:06.000000000-08:00	644	8ef575239ba342cc52650ad5bf64843d5d2c75801158f4e1c9d7fbb3108cb860
dean_files	2016_May-Nov_Storage/m4.def	2016_May-Nov_Storage/m4.def	retained_after_root_rename	13856	2016-05-12T13:03:34.000000000-07:00	644	497d807507452270ee186b026ba7c6500b1c4c3ee40af17f5c13d816ea56c9b0
dean_files	2016_May-Nov_Storage/m4.madx	2016_May-Nov_Storage/m4.madx	retained_after_root_rename	1335	2016-11-11T13:03:46.000000000-08:00	644	68bec97cdf0b92d36bcfd43212cfc3d40fa57fcc91d1118b733af415108ce1b3
dean_files	2016_May-Nov_Storage/quads_all.dat	2016_May-Nov_Storage/quads_all.dat	retained_after_root_rename	1524	2016-05-04T10:19:40.000000000-07:00	644	fe679ac221de10b1305b96b4cd061469b0540e9ece3194e8e7f670b24205fdd8
dean_files	2016_May-Nov_Storage/values.dat	2016_May-Nov_Storage/values.dat	retained_after_root_rename	1372	2016-11-11T13:01:56.000000000-08:00	644	884559d3035b8948c020924b3fe7455aa3f8a18f208351355de4c78bfbe61fd2
dean_files	2016_May-Nov_Storage/values_May_2016.dat	2016_May-Nov_Storage/values_May_2016.dat	retained_after_root_rename	1064	2016-05-12T13:04:32.000000000-07:00	644	7f27d7b34308af4fe7177c51ff56dfd76f0211ab3d5d74066e47fa4e4f4a498e
dean_files	2017_Jan-May/!WARNING.txt	2017_Jan-May/!WARNING.txt	retained_after_root_rename	424	2026-08-14T17:41:28.919069432-07:00	644	34d1272c3b5b10cdb2d35d270028f22963bcb9d63e779456814fc6341677dce1
dean_files	2017_Jan-May/bends_values_roll.dat	2017_Jan-May/bends_values_roll.dat	retained_after_root_rename	333	2018-02-12T10:43:34.000000000-08:00	644	0c556ecc4d8b1dbef03257c2bdbbf0e86f43ffc12e737f289033036192ab90a0
dean_files	2017_Jan-May/m4.madx	2017_Jan-May/m4.madx	retained_after_root_rename	2185	2017-01-19T12:44:30.000000000-08:00	644	9f35887848ec559c716f21170b14c6dea78abf24b4c63af5f3b92bb53303e65f
dean_files	2017_Jan-May/m4_cleaned.seq	2017_Jan-May/m4_cleaned.seq	retained_after_root_rename	12178	2017-01-17T08:06:50.000000000-08:00	644	b7bb4e80d17896a2532fe636c35a68c685994cff3d74a2c542e0360951e7de07
dean_files	2017_Jan-May/m4_new.def	2017_Jan-May/m4_new.def	retained_after_root_rename	43074	2018-08-09T15:46:32.000000000-07:00	644	3cc14477d189ff6def63969737d3d019e51a554a5bb438e60f197572f0deca9d
dean_files	2017_Jan-May/magnet_eff_lengths.def	2017_Jan-May/magnet_eff_lengths.def	retained_after_root_rename	1935	2018-08-09T15:49:12.000000000-07:00	644	1fb615b623c7d3be69c1c659498a77dde4ed3ee40e2fcac775c000cc4a267bc6
dean_files	2017_Jan-May/quads_jan17.dat	2017_Jan-May/quads_jan17.dat	retained_after_root_rename	838	2018-02-12T10:43:50.000000000-08:00	644	75e9c6b3746772a65477b62d32a132fae4176ec18824acd144d4ba99a1d9eff8
dean_files	2017_Jan-May/quads_jan2017.dat	2017_Jan-May/quads_jan2017.dat	retained_after_root_rename	813	2017-01-15T15:34:22.000000000-08:00	644	cb912f21f16725a264282b5e544fd0b0eb24abc5685c304edf3d537e8e04230d
dean_files	2017_Jan-May/quads_may2017.dat	2017_Jan-May/quads_may2017.dat	retained_after_root_rename	856	2017-05-08T10:08:40.000000000-07:00	644	d1e2e1e7ca1aa5c0f70b559ba76d4b6049d55c782554eee350b4b623a7d04807
dean_files	2017_Jan-May/quads_new.dat	2017_Jan-May/quads_new.dat	retained_after_root_rename	381	2018-02-12T10:44:08.000000000-08:00	644	ba0052bd778e592f4e93f1c079c7d895e80d6b1ab7012e3e2d80d5974f53966c
dean_files	2018_Aug/Aug_2018.zip	2018_Aug/Aug_2018.zip	retained_after_root_rename	14031	2019-04-08T11:23:08.000000000-07:00	644	dc168cb0167704d1095f35af30e394111e222ba2f9fd1cabf98f8e7d140d5c92
dean_files	2018_Aug/FF_quads_aug2018.dat	2018_Aug/FF_quads_aug2018.dat	retained_after_root_rename	99	2018-08-07T14:23:38.000000000-07:00	644	8b2b706a4bf9a16e98ea8a847ab249665a778c4106f072c6e0a830734e11382f
dean_files	2018_Aug/bends_values_aug2018.dat	2018_Aug/bends_values_aug2018.dat	retained_after_root_rename	429	2018-08-14T16:46:22.000000000-07:00	644	7c31fcb60249e1c5f45fd04aa47a98c6382075d8120fe0b5b3d7b2dec75d33f6
dean_files	2018_Aug/job_aug2018.madx	2018_Aug/job_aug2018.madx	retained_after_root_rename	2037	2018-08-14T16:55:16.000000000-07:00	644	8c3b180372646ef124dd759fd3754b3a32fcecbe28e9b7d83948d53576287497
dean_files	2018_Aug/m4_aug2018a.seq	2018_Aug/m4_aug2018a.seq	retained_after_root_rename	40762	2018-08-09T17:21:30.000000000-07:00	644	b4e226cd569b6a8b01f0ecf1f10a5e4a3ed5e4bd2f0abe2c7a58952c1ff95132
dean_files	2018_Aug/m4_new.def	2018_Aug/m4_new.def	retained_after_root_rename	43074	2018-08-09T15:46:32.000000000-07:00	644	3cc14477d189ff6def63969737d3d019e51a554a5bb438e60f197572f0deca9d
dean_files	2018_Aug/magnet_eff_lengths.def	2018_Aug/magnet_eff_lengths.def	retained_after_root_rename	1935	2018-08-09T15:49:12.000000000-07:00	644	1fb615b623c7d3be69c1c659498a77dde4ed3ee40e2fcac775c000cc4a267bc6
dean_files	2018_Aug/magnet_mech_lengths.def	2018_Aug/magnet_mech_lengths.def	retained_after_root_rename	2748	2018-08-09T15:51:58.000000000-07:00	644	9c0819742bfc262db6ff6812e8bfab0347a97a322bf3bae150040a0391b82a22
dean_files	2018_Aug/quads_aug2018.dat	2018_Aug/quads_aug2018.dat	retained_after_root_rename	749	2018-08-14T16:39:44.000000000-07:00	644	78ae11526381944b9873e1458d50798f9dd5f6fa0db9a11069c42bbdc333bc9d
dean_files	2024_Oct/for_Igor/m4.log	2024_Oct/for_Igor/m4.log	retained_after_root_rename	28616	2025-07-17T08:45:26.000000000-07:00	644	66ccfd56e1555b18cbf3fbdc77ba5714f10df52324e0071ef84ca9139174af12
dean_files	2024_Oct/for_Igor/m4.madx	2024_Oct/for_Igor/m4.madx	retained_after_root_rename	1273	2025-07-17T08:41:12.000000000-07:00	644	0fa4476ad1c35a5b434c059335e9506ded07cad40a2277b03afb2d7c790c7e86
dean_files	2024_Oct/for_Igor/october_2024_def+seq.seq	2024_Oct/for_Igor/october_2024_def+seq.seq	retained_after_root_rename	22343	2025-07-17T08:45:22.000000000-07:00	644	3192c5a29dfc61d41e402503a0e43e01b3bd58a9a73bfa96f599ef8c366172c6
dean_files	2024_Oct/for_Igor/survey_test.tfs	2024_Oct/for_Igor/survey_test.tfs	retained_after_root_rename	134186	2025-07-17T08:45:26.000000000-07:00	644	18ea99ff81053c8616d822a45173879b1ae259a148ceb5c21cd5077fb1827f4b
dean_files	2024_Oct/for_Igor/twiss_test.tfs	2024_Oct/for_Igor/twiss_test.tfs	retained_after_root_rename	117471	2025-07-17T08:45:26.000000000-07:00	644	8d383bc91235e3e2f85382b7df2328937068cfa63f96f610f7647d01cab50fec
dean_files	2024_Oct/november_2024_mech_metric.ces0	2024_Oct/november_2024_mech_metric.ces0	retained_after_root_rename	35734	2025-07-21T16:00:00.000000000-07:00	644	82aa280e65cf7f2c4963d9382c72affb53437f3797b8c9527246cbd2a95926ef
dean_files	2025_Aug_Mad4Tail/!NOTE.txt	2025_Aug_Mad4Tail/!NOTE.txt	retained_after_root_rename	1330	2026-08-14T21:26:48.697644429-07:00	644	f780f7a4ee1e58f7ebbf2d1d1a781f85f6593d41898b45d9af6f3ec5a7b0853f
dean_files	2025_Aug_Mad4Tail/m4tail.madx	2025_Aug_Mad4Tail/m4tail.madx	retained_after_root_rename	948	2025-08-12T18:25:36.000000000-07:00	644	e1ad806db94f03953984b882af1540be2ac9d5c0c9157096cc2f7f919f77ee89
dean_files	2025_Aug_Mad4Tail/m4tail.seq	2025_Aug_Mad4Tail/m4tail.seq	retained_after_root_rename	3635	2025-08-12T18:25:36.000000000-07:00	644	36175c58e66d7cb3f07e3e6f9e8c8f021725dd0fbd7880f0c332f94fbd9d1838
dean_files	2025_Aug_Mad4Tail/m4tail_E.madx	2025_Aug_Mad4Tail/m4tail_E.madx	retained_after_root_rename	1888	2025-08-13T14:58:00.000000000-07:00	644	0efce1dd5adedc86562b7f4ed57df7cb0fe5b2a39b0a38ab0a25eb83c807e4f2
dean_files	2025_Aug_Mad4Tail/m4tail_match.madx	2025_Aug_Mad4Tail/m4tail_match.madx	retained_after_root_rename	1229	2025-08-14T15:44:30.000000000-07:00	644	825051b11032b22ed9b6d9720fdec2b6f1215cc5872ce8972c68e8b85bacf24c
dean_files	2025_Aug_Mad4Tail/survey_macro.madx	2025_Aug_Mad4Tail/survey_macro.madx	retained_after_root_rename	382	2025-08-14T15:50:02.000000000-07:00	644	0f2dee4e651f779b7ccfb3462dd771ad68e647ddffd23fe3df00de4d3677fb60
dean_files	2025_Aug_Mad4Tail/vladimir.madx	2025_Aug_Mad4Tail/vladimir.madx	retained_after_root_rename	1683	2025-08-14T15:49:54.000000000-07:00	644	d48ff7cf2cf4768418176268b5c48a06b7d02050bd517c7c80383fcc2ac1dfc4
