path	original_bytes	original_sha256	lf_bytes	lf_sha256
2022_Nov_Diagnostic_Absorber/mu2e-m4da-twiss-2022-11-22.tfs	85724	0783163ce3e1d80ca3ecbc7dd5dfad88019a3346a905fcf7a7244942981ece80	85345	6cce84ec9d9d9ffedd6333d06ed1f87a2dbd26fd6cac956763f422212a3fc661
2022_Nov_Diagnostic_Absorber/reconstruction_run_5.08.log	3704	56a1b5f79e2e83d2c3196dd6f13b4ab1849e6c9c40901985e5e07ef81614056a	3694	2541d704f831fbd5ee494e55251e6fa09abe1e0bd04d6586ac99d5783679eb7f
2022_Nov_Diagnostic_Absorber/survey_estimate_2016_diag_frame.tfs	94452	27e20d3fb9934a92a5f6b676ea554169b3cdb2bbc7559eabf8d6cba12cdeafab	94113	6c4c538737316660848e3a84ec2481373e997869dbb4454b9015ddbbea8db5a7
2022_Nov_Diagnostic_Absorber/survey_estimate_2018_frame.tfs	94452	f1da4c54a9d653a80b60590c63c8bf87367216911376dbc1e0247bc85c0b5eb4	94113	66992ad9116ea6c72ed7608057f29070038a875c088a1f6034c1a751affeb66c
2022_Nov_Diagnostic_Absorber/twiss_reconstructed_5.08.tfs	85884	d70d040367b417d7f2909eee4ad6053ebda3b677b54956094dce50b98e8d6ee3	85501	71aaa7576b68217b6ad3642791a5aeb492d507972b2aca164e42cac363723168
2024_Oct/Eliana_DUSAF_Target_Variant/october_2024_def+seq.seq	23414	b89349fef7beec0ee27149412b5a60d8434b9cd07ac0edf6e7f751d9e3540aa7	22670	b95479815dd1967d42f8b7b32425b1f81e027a4369fc2e63d971f422ff47edad
2024_Oct/november_2024_mech_metric.ces0	35734	82aa280e65cf7f2c4963d9382c72affb53437f3797b8c9527246cbd2a95926ef	35448	9df1ccbd07c6844d8651051120788db73ede83b49dbace11ea751d4fb08568fc
2025_Aug_Mad4Tail/m4tail_E.madx	1888	0efce1dd5adedc86562b7f4ed57df7cb0fe5b2a39b0a38ab0a25eb83c807e4f2	1834	02b803b4be6dcf61322feeb3f9e6232e81b4ca82466e7b2b9ca7d2d51a7e887c
2025_Aug_Mad4Tail/survey_macro.madx	382	0f2dee4e651f779b7ccfb3462dd771ad68e647ddffd23fe3df00de4d3677fb60	369	d93fed922de02d71f15c1fa6909bebf4fb197f371684401b2ead32c1c151c9cb
2025_Aug_Mad4Tail/vladimir.madx	1683	d48ff7cf2cf4768418176268b5c48a06b7d02050bd517c7c80383fcc2ac1dfc4	1631	c6824fe69ea0d5e4424e6c3e0ef7df4dc0f353cb7559f431037fde607d9956ac
2026_09_29_Deinlein_DR_M4/audit/quadrupole_comparison.csv	7525	bbe11d9509688f1f200f7f1a2f7535ba2a2b54bc844fe3e29c156966d94809d5	7458	cc75405f787a68abf65f87bebe3aca20b33380b431ba76139b877274b1c7bf1d
2026_09_29_Deinlein_DR_M4/audit/run_dabs_as_received/run.log	8942	2402e93d45c7861c828e18ed06ff6d8d710428cf173c8e52e1f9609f454051ac	8938	db7b36913007f77f9a107a085b867bbad800109ea02a9a7ae32d50d28b6e72bc
2026_09_29_Deinlein_DR_M4/audit/run_dabs_export/mu2e-dabs-survey-madx.tfs	114636	ab83de8ccc0aa39f1b3560c83293035f122b0c3d091df252f128c9696c6a4aa1	114137	bbc2d0eed79b174f913aad56ab0f86124c0e12c42dd8d4ffbcb10e4736caf201
2026_09_29_Deinlein_DR_M4/audit/run_dabs_export/mu2e-dabs-twiss-madx.tfs	210219	34904a47a5a1db727e643e1607edff6a6f7c69fbb391681bb2ab75c98aa321eb	209676	8daa7b99e6586869aa5e0e8333a323e8b75c751e03ea24f9dcfc7bcaa06c80af
2026_09_29_Deinlein_DR_M4/audit/run_dabs_export/run.log	8950	615738c877a2a516c161bbce91702c82e287d43b82cf4e9fc02150cdd0db7b60	8946	038fd0f2fd3482f000dcca21c35b60d417c611bdaf6cd4447f96b8c63ab44ca0
2026_09_29_Deinlein_DR_M4/audit/run_dabs_export/validation_export.madx	57184	d016bbab495194c94456f1c9beb704284085dc87363f52f85dd8ea2289503a6e	55490	19b2706e59885604d4afeed1e2e29bae9ea6906898e11eade577750eeeebfb68
2026_09_29_Deinlein_DR_M4/audit/run_dr_as_received/run.log	21405	394bee42326f2f908fad4bc82f7af6a58860bbb067b173299bc3b0ba1c6d3b1f	21402	5723df95cfe60dab5cc3da2259a26332aa4fee6ddc91af4bc0dd4400cd1f812d
2026_09_29_Deinlein_DR_M4/audit/run_dr_export/mu2e-dr-survey-madx.tfs	464002	cf101f461eff8d757c45657eb65d0d5ab8c114991c28de39c6d3a4bcc60786ae	461997	92b6987d42da63c0af317a910c18426895a1ea56448e66ecb37f562e81d44a50
2026_09_29_Deinlein_DR_M4/audit/run_dr_export/mu2e-dr-twiss-madx.tfs	845725	bd2c667b9826d1dd6ed3df492824f854ba2b96e1fce3f85d92af8fe95eb9b515	843676	220aad493392aee81e9771bd2e5c6f92112b2dec0f1ee33d6d90e97a393133bf
2026_09_29_Deinlein_DR_M4/audit/run_dr_export/run.log	21413	08450ceb161cbe6f30bc3459026e1b2e0173d1ce27f34965dedf47786cacf0d7	21410	1c7cb5c4964c8528a464b8c32b31a20820469194a745e2934650f1858a5bf81d
2026_09_29_Deinlein_DR_M4/audit/run_dr_export/validation_export.madx	199467	b672dd3a2adbc2002d0390e89bc243ef79d5e44e9c2f9beec03cabde78b2e36a	194226	c2d11f10f7790c66e932a0749ca78c275dde62a9b17a2fd94df6b9aa41ffe3e3
2026_09_29_Deinlein_DR_M4/mu2e-dabs-lattice-v2026.09.29.madx	57186	72580ce8acb8b68005422be30b0b496201ed075419ef7ea5313ca49b8bd72bf5	55492	18379bcb907ace0ee76aa30016686f5df73288b2e1fe6253e74c81cd41c79f7a
2026_09_29_Deinlein_DR_M4/mu2e-dabs-twiss-v2026.09.29-madx.tfs	210217	4abccf13e30c483d39bcbe84d92a8c234c381014e7ca3d9a35bbe723018ad1f8	209674	fa97913fa1afaf74904a6bc34331daf8bcea81cb85b1d985951f9b808a726064
2026_09_29_Deinlein_DR_M4/mu2e-dr-lattice-v2026.09.29.madx	199469	da204bcf3f585fddb37e67a288a4fd022b2220a9f2d6c289dc6baa95c04b0660	194228	03730fc4b7c8b980ba6cdba4d4ba7bd367fb4018f0d8f34704d36cc1f0de9f05
2026_09_29_Deinlein_DR_M4/mu2e-dr-twiss-v2026.09.29-madx.tfs	845723	774a6f3db5ca966c24c35f06ee5aa788b771015de44b6f3f087ea350338a82b0	843674	cc9f093d5c0f01805a8702c18060e081ac0d00b9a81ca27b5dc1323aa0acd6f5
Undated_mACE_Diagnostic_Absorber/reconstruction_run_5.08.log	440617	0eb49402a345717910a83988e38d1ad062ef63205ed49711d6fac31947779669	440613	d0cc6a2ee2a2394ed5cd7e538c87c8bac2afe13e155707e29184cec81391330a
Undated_mACE_Diagnostic_Absorber/twiss_mace_transport_reconstructed.tfs	410589	2095a7fdb2e57c4a8a332d5e9b94b78be027b4ddd61ed31ba6c613236911294c	409150	1a6d9d8543cd4fe9c26d682c41f9d0d5bf57a36a207faddddc301f4d327da75e
