path	size_bytes	modified_time	mode_octal	provenance	sha256
2015_May/m4.def	13065	2015-05-20T16:28:32.000000000+00:00	644	received_dean	ade2e3aefba3e7c75431a9729fd1923c0e1ab4af3879816e12be2d5cf9e02e20
2015_May/m4.madx	2670	2015-05-20T16:53:44.000000000+00:00	644	received_dean	9185163972c3769e74fa6ced55dcec93d2788a7e7af38fa703114137adacadc5
2015_May/m4_moved_col923.seq	16247	2015-05-20T16:29:50.000000000+00:00	644	received_dean	d07dba51c45cebf633e0766c52f88b44db4a552e532f0726ef326aa7527dfddf
2015_May/m4_quads.dat	749	2015-05-20T16:18:46.000000000+00:00	644	received_dean	597b34a3c02786788a418a1765393e2ea0d5e031de97ee6c6151f408f1d09d49
2015_May/madx.pdf	13471	2015-05-20T16:30:08.000000000+00:00	644	received_dean	e8e8fa7370f117a0cd5f96e50195c784d05cd395671858ed45784da5357cf338
2015_Oct/M4 MAD.zip	9840	2015-10-02T23:15:52.000000000+00:00	644	received_dean	b39dfb04779e2254e870135ceda313981ead8e616a9f02fb398363b93136fb95
2015_Oct/m4.def	13803	2015-10-02T19:04:54.000000000+00:00	644	received_dean	4ee9d614e5af470bb09c6b95e9e131f4ad9800ed4a41bf6b41ba1fddd92675cf
2015_Oct/m4.madx	1212	2015-10-02T19:39:48.000000000+00:00	644	received_dean	dfd39cab0e2049259e004d3a540c5fa98fa1409f3c7e5251cc6782127269374e
2015_Oct/m4_quads.dat	749	2015-10-02T19:39:36.000000000+00:00	644	received_dean	3828458ebbe15b29111cf3696be79904ea84b28da72c0382fd0d29847f0cd7e0
2015_Oct/m4_tempo.seq	18879	2015-10-02T19:34:04.000000000+00:00	644	received_dean	6b72c3c85ee1fdc814c058edd2dc9cda7885a2644b3d00d4742d2207a9e8f226
2016_Apr/line_shifted.seq	16049	2016-04-05T20:34:48.000000000+00:00	644	received_dean	30a5fef27eb8ecdcff0a790092b445d4f483051c8608f0483f47b9c1c613e993
2016_Apr/m4.def	12936	2016-04-01T00:52:52.000000000+00:00	644	received_dean	68f30fade53111c1396bf49609b5ff1c2f5d86b8e21d859056c5c79635e6bae8
2016_Apr/m4.madx	1206	2016-03-31T23:19:08.000000000+00:00	644	received_dean	002b9a37c709b6dddcaca63f7cc37b13287016447c81735aa7c907edce187f1d
2016_Apr/quads_all.dat	813	2016-05-04T17:23:16.000000000+00:00	644	received_dean	19cf8a9065e0735d77ca30541cde9c9aeb7b192a07c62625d9cf96a51c9e9d4c
2016_Mar_11/diag.seq	12490	2016-04-01T00:14:08.000000000+00:00	644	received_dean	ca9906001dffb3da2261e2630c0d90758a8c68816085f7a756a2e3d6da9b0385
2016_Mar_11/m4.def	10981	2016-03-11T23:47:42.000000000+00:00	644	received_dean	404eed2fe962e8168412b9901b82ca3f93bc49826f4a87a732622bc45b1658b6
2016_Mar_11/m4.madx	899	2016-03-12T00:01:44.000000000+00:00	644	received_dean	4ff48d77ab3a9f25f64dc44784574242227a60fc54b3c851f80faf5b45ddfb52
2016_Mar_11/m4.seq	13596	2016-03-11T23:55:24.000000000+00:00	644	received_dean	e717f0d2353b58f9b6654b11bd60648fe0de0e9dcbd89beb0a9b54f4d1c08048
2016_May-Nov_Storage/!NOTE.md	1540	2026-08-15T20:03:14.950982700+00:00	644	local_documentation	e62c4503c005c4c91eb4854d4da359099612f7f8b4def407a2bcff64f0caaaa3
2016_May-Nov_Storage/README.md	1195	2026-08-18T05:40:25.964363600+00:00	644	local_documentation	01e0c56508c542f49ccef7c253efa053144b7b5593f6f078a8d75e536ee0460b
2016_May-Nov_Storage/diag.seq	13674	2016-05-18T16:25:00.000000000+00:00	644	received_dean	89d5eb1a98b8b99a792734b9a2c249c49c0b5bd360f75933ace9efc0127e6b1d
2016_May-Nov_Storage/diag_line.madx	1419	2016-05-04T18:33:42.000000000+00:00	644	received_dean	113ba3fc00cd569211fcd5e93aba73756e9463debe78c56885c6c6e1b0f35e8b
2016_May-Nov_Storage/diag_line_repaired_2026-08-15.madx	1697	2026-08-15T20:02:14.721943600+00:00	644	local_repair	f9bcaafaac0c6fa7e853f2c5790dcbba530c05e73bdadc8136c317f700a5d7aa
2016_May-Nov_Storage/line_shifted_new.seq	17984	2016-11-11T20:53:06.000000000+00:00	644	received_dean	8ef575239ba342cc52650ad5bf64843d5d2c75801158f4e1c9d7fbb3108cb860
2016_May-Nov_Storage/m4.def	13856	2016-05-12T20:03:34.000000000+00:00	644	received_dean	497d807507452270ee186b026ba7c6500b1c4c3ee40af17f5c13d816ea56c9b0
2016_May-Nov_Storage/m4.madx	1335	2016-11-11T21:03:46.000000000+00:00	644	received_dean	68bec97cdf0b92d36bcfd43212cfc3d40fa57fcc91d1118b733af415108ce1b3
2016_May-Nov_Storage/quads_all.dat	1524	2016-05-04T17:19:40.000000000+00:00	644	received_dean	fe679ac221de10b1305b96b4cd061469b0540e9ece3194e8e7f670b24205fdd8
2016_May-Nov_Storage/values.dat	1372	2016-11-11T21:01:56.000000000+00:00	644	received_dean	884559d3035b8948c020924b3fe7455aa3f8a18f208351355de4c78bfbe61fd2
2016_May-Nov_Storage/values_May_2016.dat	1064	2016-05-12T20:04:32.000000000+00:00	644	received_dean	7f27d7b34308af4fe7177c51ff56dfd76f0211ab3d5d74066e47fa4e4f4a498e
2017_Jan-May/!WARNING.txt	424	2026-08-15T00:41:28.919069500+00:00	644	local_documentation	34d1272c3b5b10cdb2d35d270028f22963bcb9d63e779456814fc6341677dce1
2017_Jan-May/bends_values_roll.dat	333	2018-02-12T18:43:34.000000000+00:00	644	received_dean	0c556ecc4d8b1dbef03257c2bdbbf0e86f43ffc12e737f289033036192ab90a0
2017_Jan-May/m4.madx	2185	2017-01-19T20:44:30.000000000+00:00	644	received_dean	9f35887848ec559c716f21170b14c6dea78abf24b4c63af5f3b92bb53303e65f
2017_Jan-May/m4_cleaned.seq	12178	2017-01-17T16:06:50.000000000+00:00	644	received_dean	b7bb4e80d17896a2532fe636c35a68c685994cff3d74a2c542e0360951e7de07
2017_Jan-May/m4_new.def	43074	2018-08-09T22:46:32.000000000+00:00	644	received_dean	3cc14477d189ff6def63969737d3d019e51a554a5bb438e60f197572f0deca9d
2017_Jan-May/magnet_eff_lengths.def	1935	2018-08-09T22:49:12.000000000+00:00	644	received_dean	1fb615b623c7d3be69c1c659498a77dde4ed3ee40e2fcac775c000cc4a267bc6
2017_Jan-May/quads_jan17.dat	838	2018-02-12T18:43:50.000000000+00:00	644	received_dean	75e9c6b3746772a65477b62d32a132fae4176ec18824acd144d4ba99a1d9eff8
2017_Jan-May/quads_jan2017.dat	813	2017-01-15T23:34:22.000000000+00:00	644	received_dean	cb912f21f16725a264282b5e544fd0b0eb24abc5685c304edf3d537e8e04230d
2017_Jan-May/quads_may2017.dat	856	2017-05-08T17:08:40.000000000+00:00	644	received_dean	d1e2e1e7ca1aa5c0f70b559ba76d4b6049d55c782554eee350b4b623a7d04807
2017_Jan-May/quads_new.dat	381	2018-02-12T18:44:08.000000000+00:00	644	received_dean	ba0052bd778e592f4e93f1c079c7d895e80d6b1ab7012e3e2d80d5974f53966c
2018_Aug/Aug_2018.zip	14031	2019-04-08T18:23:08.000000000+00:00	644	received_dean	dc168cb0167704d1095f35af30e394111e222ba2f9fd1cabf98f8e7d140d5c92
2018_Aug/FF_quads_aug2018.dat	99	2018-08-07T21:23:38.000000000+00:00	644	received_dean	8b2b706a4bf9a16e98ea8a847ab249665a778c4106f072c6e0a830734e11382f
2018_Aug/bends_values_aug2018.dat	429	2018-08-14T23:46:22.000000000+00:00	644	received_dean	7c31fcb60249e1c5f45fd04aa47a98c6382075d8120fe0b5b3d7b2dec75d33f6
2018_Aug/job_aug2018.madx	2037	2018-08-14T23:55:16.000000000+00:00	644	received_dean	8c3b180372646ef124dd759fd3754b3a32fcecbe28e9b7d83948d53576287497
2018_Aug/m4_aug2018a.seq	40762	2018-08-10T00:21:30.000000000+00:00	644	received_dean	b4e226cd569b6a8b01f0ecf1f10a5e4a3ed5e4bd2f0abe2c7a58952c1ff95132
2018_Aug/m4_new.def	43074	2018-08-09T22:46:32.000000000+00:00	644	received_dean	3cc14477d189ff6def63969737d3d019e51a554a5bb438e60f197572f0deca9d
2018_Aug/magnet_eff_lengths.def	1935	2018-08-09T22:49:12.000000000+00:00	644	received_dean	1fb615b623c7d3be69c1c659498a77dde4ed3ee40e2fcac775c000cc4a267bc6
2018_Aug/magnet_mech_lengths.def	2748	2018-08-09T22:51:58.000000000+00:00	644	received_dean	9c0819742bfc262db6ff6812e8bfab0347a97a322bf3bae150040a0391b82a22
2018_Aug/quads_aug2018.dat	749	2018-08-14T23:39:44.000000000+00:00	644	received_dean	78ae11526381944b9873e1458d50798f9dd5f6fa0db9a11069c42bbdc333bc9d
2022_Nov_Diagnostic_Absorber/!NOTE.md	4597	2026-08-18T05:10:27.691720300+00:00	644	local_documentation	150b25808f7cc74687c3b0b3bc32660afb477f1fedb3d80edda277fd12f98cd0
2022_Nov_Diagnostic_Absorber/bends_values_aug2018.dat	429	2018-08-14T23:46:22.000000000+00:00	644	copied_exact_from_2018_Aug	7c31fcb60249e1c5f45fd04aa47a98c6382075d8120fe0b5b3d7b2dec75d33f6
2022_Nov_Diagnostic_Absorber/diag_2022_reconstructed.seq	41979	2026-08-15T20:24:35.158167500+00:00	644	local_reconstruction	9d653cdda8cca5195fc3dd98182d3e90783b73581e86bc4c75260ba9c75f747c
2022_Nov_Diagnostic_Absorber/job_2022_reconstructed.madx	2756	2026-08-15T20:24:34.881080800+00:00	644	local_reconstruction	97749a984360a89b3166d88d4232c0f7499d65753528abbd7de730a117727a4f
2022_Nov_Diagnostic_Absorber/m4_new.def	43074	2018-08-09T22:46:32.000000000+00:00	644	copied_exact_from_2018_Aug	3cc14477d189ff6def63969737d3d019e51a554a5bb438e60f197572f0deca9d
2022_Nov_Diagnostic_Absorber/magnet_eff_lengths.def	1935	2018-08-09T22:49:12.000000000+00:00	644	copied_exact_from_2018_Aug	1fb615b623c7d3be69c1c659498a77dde4ed3ee40e2fcac775c000cc4a267bc6
2022_Nov_Diagnostic_Absorber/mu2e-m4da-twiss-2022-11-22.tfs	85345	2026-10-06T22:07:53.558214708+00:00	644	copied_exact_received_reference	6cce84ec9d9d9ffedd6333d06ed1f87a2dbd26fd6cac956763f422212a3fc661
2022_Nov_Diagnostic_Absorber/quads_aug2018.dat	749	2018-08-14T23:39:44.000000000+00:00	644	copied_exact_from_2018_Aug	78ae11526381944b9873e1458d50798f9dd5f6fa0db9a11069c42bbdc333bc9d
2022_Nov_Diagnostic_Absorber/reconstruction_run_5.08.log	3694	2026-10-06T22:07:53.559985553+00:00	644	local_reconstruction_output	2541d704f831fbd5ee494e55251e6fa09abe1e0bd04d6586ac99d5783679eb7f
2022_Nov_Diagnostic_Absorber/survey_estimate_2016_diag_frame.tfs	94113	2026-10-06T22:07:53.561088937+00:00	644	local_reconstruction_output	6c4c538737316660848e3a84ec2481373e997869dbb4454b9015ddbbea8db5a7
2022_Nov_Diagnostic_Absorber/survey_estimate_2018_frame.tfs	94113	2026-10-06T22:07:53.562373741+00:00	644	local_reconstruction_output	66992ad9116ea6c72ed7608057f29070038a875c088a1f6034c1a751affeb66c
2022_Nov_Diagnostic_Absorber/twiss_reconstructed_5.08.tfs	85501	2026-10-06T22:07:53.564579383+00:00	644	local_reconstruction_output	71aaa7576b68217b6ad3642791a5aeb492d507972b2aca164e42cac363723168
2024_Oct/Eliana_DUSAF_Target_Variant/!WARNING.txt	741	2026-08-15T19:00:05.567255400+00:00	644	local_documentation	68889c2973afcd9d5c9bf139dedc1fadc0af9ec27ea963f267b9e5b7370864e2
2024_Oct/Eliana_DUSAF_Target_Variant/october_2024_def+seq.seq	22670	2026-10-06T22:07:53.565951139+00:00	644	received_eliana_unique	b95479815dd1967d42f8b7b32425b1f81e027a4369fc2e63d971f422ff47edad
2024_Oct/for_Igor/m4.log	28616	2025-07-17T15:45:26.000000000+00:00	644	received_identically_from_dean_and_eliana	66ccfd56e1555b18cbf3fbdc77ba5714f10df52324e0071ef84ca9139174af12
2024_Oct/for_Igor/m4.madx	1273	2025-07-17T15:41:12.000000000+00:00	644	received_identically_from_dean_and_eliana	0fa4476ad1c35a5b434c059335e9506ded07cad40a2277b03afb2d7c790c7e86
2024_Oct/for_Igor/october_2024_def+seq.seq	22343	2025-07-17T15:45:22.000000000+00:00	644	received_identically_from_dean_and_eliana	3192c5a29dfc61d41e402503a0e43e01b3bd58a9a73bfa96f599ef8c366172c6
2024_Oct/for_Igor/survey_test.tfs	134186	2025-07-17T15:45:26.000000000+00:00	644	received_identically_from_dean_and_eliana	18ea99ff81053c8616d822a45173879b1ae259a148ceb5c21cd5077fb1827f4b
2024_Oct/for_Igor/twiss_test.tfs	117471	2025-07-17T15:45:26.000000000+00:00	644	received_identically_from_dean_and_eliana	8d383bc91235e3e2f85382b7df2328937068cfa63f96f610f7647d01cab50fec
2024_Oct/november_2024_mech_metric.ces0	35448	2026-10-06T22:07:53.566957976+00:00	644	received_dean	9df1ccbd07c6844d8651051120788db73ede83b49dbace11ea751d4fb08568fc
2025_Aug_Mad4Tail/!NOTE.txt	1330	2026-08-15T04:26:48.697644500+00:00	644	local_documentation	f780f7a4ee1e58f7ebbf2d1d1a781f85f6593d41898b45d9af6f3ec5a7b0853f
2025_Aug_Mad4Tail/m4tail.madx	948	2025-08-13T01:25:36.000000000+00:00	644	received_dean	e1ad806db94f03953984b882af1540be2ac9d5c0c9157096cc2f7f919f77ee89
2025_Aug_Mad4Tail/m4tail.seq	3635	2025-08-13T01:25:36.000000000+00:00	644	received_dean	36175c58e66d7cb3f07e3e6f9e8c8f021725dd0fbd7880f0c332f94fbd9d1838
2025_Aug_Mad4Tail/m4tail_E.madx	1834	2026-10-06T22:07:53.567544580+00:00	644	received_dean	02b803b4be6dcf61322feeb3f9e6232e81b4ca82466e7b2b9ca7d2d51a7e887c
2025_Aug_Mad4Tail/m4tail_match.madx	1229	2025-08-14T22:44:30.000000000+00:00	644	received_dean	825051b11032b22ed9b6d9720fdec2b6f1215cc5872ce8972c68e8b85bacf24c
2025_Aug_Mad4Tail/survey_macro.madx	369	2026-10-06T22:07:53.567891120+00:00	644	received_dean	d93fed922de02d71f15c1fa6909bebf4fb197f371684401b2ead32c1c151c9cb
2025_Aug_Mad4Tail/vladimir.madx	1631	2026-10-06T22:07:53.568211781+00:00	644	received_dean	c6824fe69ea0d5e4424e6c3e0ef7df4dc0f353cb7559f431037fde607d9956ac
2026_09_29_Deinlein_DR_M4/README.md	4889	2026-10-06T22:08:30.746671352+00:00	644	local_documentation	8f3e2b718b0492422218ece62a60736d81b67f6feac40d8baaa05acf399578d1
2026_09_29_Deinlein_DR_M4/SHA256SUMS	2558	2026-10-06T22:10:30.678962164+00:00	644	generated_checksum_subset	eca76368281a44a83bc4c39cc646edf8739d64c8ae150e16d69e41a81d878898
2026_09_29_Deinlein_DR_M4/audit/AUDIT.md	14881	2026-10-06T22:08:30.746762839+00:00	644	local_documentation	ec269c40f43822058d050e7ad3622b4b6ae735c8971e3b5054eb3ce3f6edbce4
2026_09_29_Deinlein_DR_M4/audit/inspect_files.py	12033	2026-10-06T22:08:30.746927016+00:00	644	local_audit	34417f38072d7d1fb81cad474fa8a672bb2d288625b97120c18c3d0366c3a4dd
2026_09_29_Deinlein_DR_M4/audit/quadrupole_comparison.csv	7458	2026-10-06T22:08:31.531707605+00:00	644	local_audit	cc75405f787a68abf65f87bebe3aca20b33380b431ba76139b877274b1c7bf1d
2026_09_29_Deinlein_DR_M4/audit/receipt.json	50838	2026-10-06T22:08:31.528090121+00:00	644	local_audit	1688304877ab7861ee7fde6da73626e3e23a905c98fdad83b63aeab6f1101783
2026_09_29_Deinlein_DR_M4/audit/receipt_from_initial_review.json	50876	2026-10-05T22:01:53.567367256+00:00	644	local_audit	b5be23d0dedfe676094d6a0c60e23fab56c20cb3fd41b9486e58ec47ac9eded3
2026_09_29_Deinlein_DR_M4/audit/reference_tables/2018_m4_twiss.tfs	110411	2026-08-13T19:26:44.356235700+00:00	644	local_reference_copy	e4ca8f15a6683db4afd9779760d84f2a2656661f8185f864c7568816b589c780
2026_09_29_Deinlein_DR_M4/audit/reference_tables/2024_m4_twiss.tfs	117471	2025-07-17T15:45:26.000000000+00:00	644	local_reference_copy	8d383bc91235e3e2f85382b7df2328937068cfa63f96f610f7647d01cab50fec
2026_09_29_Deinlein_DR_M4/audit/run_dabs_as_received/run.log	8938	2026-10-06T22:07:53.569624943+00:00	644	local_validation_evidence	db7b36913007f77f9a107a085b867bbad800109ea02a9a7ae32d50d28b6e72bc
2026_09_29_Deinlein_DR_M4/audit/run_dabs_export/mu2e-dabs-survey-madx.tfs	114137	2026-10-06T22:07:53.570636660+00:00	644	local_validation_evidence	bbc2d0eed79b174f913aad56ab0f86124c0e12c42dd8d4ffbcb10e4736caf201
2026_09_29_Deinlein_DR_M4/audit/run_dabs_export/mu2e-dabs-twiss-madx.tfs	209676	2026-10-06T22:07:53.573385575+00:00	644	local_validation_evidence	8daa7b99e6586869aa5e0e8333a323e8b75c751e03ea24f9dcfc7bcaa06c80af
2026_09_29_Deinlein_DR_M4/audit/run_dabs_export/run.log	8946	2026-10-06T22:07:53.574814188+00:00	644	local_validation_evidence	038fd0f2fd3482f000dcca21c35b60d417c611bdaf6cd4447f96b8c63ab44ca0
2026_09_29_Deinlein_DR_M4/audit/run_dabs_export/validation_export.madx	55490	2026-10-06T22:07:53.575287694+00:00	644	local_validation_evidence	19b2706e59885604d4afeed1e2e29bae9ea6906898e11eade577750eeeebfb68
2026_09_29_Deinlein_DR_M4/audit/run_dr_as_received/run.log	21402	2026-10-06T22:07:53.575647009+00:00	644	local_validation_evidence	5723df95cfe60dab5cc3da2259a26332aa4fee6ddc91af4bc0dd4400cd1f812d
2026_09_29_Deinlein_DR_M4/audit/run_dr_export/mu2e-dr-survey-madx.tfs	461997	2026-10-06T22:07:53.578625174+00:00	644	local_validation_evidence	92b6987d42da63c0af317a910c18426895a1ea56448e66ecb37f562e81d44a50
2026_09_29_Deinlein_DR_M4/audit/run_dr_export/mu2e-dr-twiss-madx.tfs	843676	2026-10-06T22:07:53.585669931+00:00	644	local_validation_evidence	220aad493392aee81e9771bd2e5c6f92112b2dec0f1ee33d6d90e97a393133bf
2026_09_29_Deinlein_DR_M4/audit/run_dr_export/run.log	21410	2026-10-06T22:07:53.588204422+00:00	644	local_validation_evidence	1c7cb5c4964c8528a464b8c32b31a20820469194a745e2934650f1858a5bf81d
2026_09_29_Deinlein_DR_M4/audit/run_dr_export/validation_export.madx	194226	2026-10-06T22:07:53.589620887+00:00	644	local_validation_evidence	c2d11f10f7790c66e932a0749ca78c275dde62a9b17a2fd94df6b9aa41ffe3e3
2026_09_29_Deinlein_DR_M4/mu2e-dabs-lattice-v2026.09.29.madx	55492	2026-10-06T22:07:53.591060215+00:00	644	received_supplied_file	18379bcb907ace0ee76aa30016686f5df73288b2e1fe6253e74c81cd41c79f7a
2026_09_29_Deinlein_DR_M4/mu2e-dabs-plots-v2026.09.29-madx.pdf	27848	2026-10-05T21:16:24.000000000+00:00	644	received_supplied_file	b0ddb30303adc050cca69e207a706f69add14a72099a8476a53477e735bc1748
2026_09_29_Deinlein_DR_M4/mu2e-dabs-twiss-v2026.09.29-madx.tfs	209674	2026-10-06T22:07:53.592396138+00:00	644	received_supplied_file	fa97913fa1afaf74904a6bc34331daf8bcea81cb85b1d985951f9b808a726064
2026_09_29_Deinlein_DR_M4/mu2e-dr-lattice-v2026.09.29.madx	194228	2026-10-06T22:07:53.594358218+00:00	644	received_supplied_file	03730fc4b7c8b980ba6cdba4d4ba7bd367fb4018f0d8f34704d36cc1f0de9f05
2026_09_29_Deinlein_DR_M4/mu2e-dr-plots-v2026.09.29-madx.pdf	75022	2026-10-05T21:16:22.000000000+00:00	644	received_supplied_file	993c83f1224731cca4a4d41a592092bdd38f23a5d58f7b314e1864231df8a4e3
2026_09_29_Deinlein_DR_M4/mu2e-dr-twiss-v2026.09.29-madx.tfs	843674	2026-10-06T22:07:53.599117160+00:00	644	received_supplied_file	cc9f093d5c0f01805a8702c18060e081ac0d00b9a81ca27b5dc1323aa0acd6f5
2026_09_29_Deinlein_DR_M4/provenance/file_manifest.json	5278	2026-10-06T22:07:53.611345863+00:00	644	local_provenance	3fd453cfc7ea65ac32c82e76accef21c73396f4f94cd66b1808d5348dd60520d
README.md	7878	2026-10-06T22:08:30.746548595+00:00	644	local_documentation	49df57dbe38c1156da587964a9eca1880f71f16a68c21e92dd15de9fab55d6c9
Undated_mACE_Diagnostic_Absorber/!NOTE.md	5418	2026-08-15T22:11:11.075231900+00:00	644	local_documentation	e903cc7f3360f92f058a2669dfe08fe2a267834e33e8da7498c7d5305d5513ae
Undated_mACE_Diagnostic_Absorber/compare_csv_to_tfs.mjs	3817	2026-08-15T22:09:47.347622700+00:00	644	local_reconstruction_2026-08-15	3a0f6df273013ef2a39ce6e80ef23152bbbc4f0b79f6c1f5739acd5ab5200dde
Undated_mACE_Diagnostic_Absorber/inferred_first_order_parameters.txt	7582	2026-08-15T22:08:37.036458300+00:00	644	local_reconstruction_2026-08-15	3bb676d203363ba65da6292833e8fbe8556902d7b2e6917f8b08abb146b17781
Undated_mACE_Diagnostic_Absorber/job_mace_transport_reconstructed.madx	749	2026-08-15T22:08:37.036458300+00:00	644	local_reconstruction_2026-08-15	14c651e96c8c54d107540d301149f008298169b5ede1713aaa2b106b733f173c
Undated_mACE_Diagnostic_Absorber/mace_transport_maps.def	362359	2026-08-15T22:08:37.032289500+00:00	644	local_reconstruction_2026-08-15	7b2b884f69e0648517794cc595fdba6be114f68cbd6fb4afd4b51fce717163dd
Undated_mACE_Diagnostic_Absorber/mace_transport_reconstructed.seq	68502	2026-08-15T22:08:37.036458300+00:00	644	local_reconstruction_2026-08-15	193328928446c71cfdfac96427d0872502b85a5fe2d499fe525321e83a1c07c7
Undated_mACE_Diagnostic_Absorber/mu2e-dabs-v2-functions.csv	86704	2026-08-13T19:04:02.951287300+00:00	644	received_email_attachment	bcd4283d2800673eb85c2ebe9c35c69655783761a0652538fd7e31d32ddec2aa
Undated_mACE_Diagnostic_Absorber/reconstruct_from_csv.mjs	10770	2026-08-15T22:12:45.031716400+00:00	644	local_reconstruction_2026-08-15	2880679c23b0a8983d68b973fb859c0dcbde3f36082bcb9dda403bdc4369bbbd
Undated_mACE_Diagnostic_Absorber/reconstruction_comparison.txt	1237	2026-08-15T22:10:07.284830800+00:00	644	local_reconstruction_2026-08-15	4ccde1637f22c42657c400802e230b31a5d291c6d79a03cde1d40bc85f8873ae
Undated_mACE_Diagnostic_Absorber/reconstruction_run_5.08.log	440613	2026-10-06T22:07:53.604032319+00:00	644	local_reconstruction_2026-08-15	d0cc6a2ee2a2394ed5cd7e538c87c8bac2afe13e155707e29184cec81391330a
Undated_mACE_Diagnostic_Absorber/twiss_mace_transport_reconstructed.tfs	409150	2026-10-06T22:07:53.606968527+00:00	644	local_reconstruction_2026-08-15	1a6d9d8543cd4fe9c26d682c41f9d0d5bf57a36a207faddddc301f4d327da75e
