MARKER,CATEGORY,S[m],BX[m],BY[m],DX[m],DY[m],AX[1],AY[1],DDX[1],DDY[1],MUX[2*pi*rad],MUY[2*pi*rad]
W_FIRST_BEG,BOUNDARY,0.000000,11.885908,5.941300,0.090400,0.000000,-1.601800,0.862200,0.005500,0.000000,0.000000,0.000000
W_FIRST_MID,BOUNDARY,0.000000,11.885908,5.941300,0.090400,0.000000,-1.601800,0.862200,0.005500,0.000000,0.000000,0.000000
W_FIRST_END,BOUNDARY,0.000000,11.885908,5.941300,0.090400,0.000000,-1.601800,0.862200,0.005500,0.000000,0.000000,0.000000
O_DQ303_BEG,DRIFT,0.000000,11.885908,5.941300,0.090400,0.000000,-1.601800,0.862200,0.005500,0.000000,0.000000,0.000000
O_DQ303_MID,DRIFT,0.000500,11.887510,5.940438,0.090403,0.000000,-1.601950,0.862053,0.005500,0.000000,0.000007,0.000013
O_DQ303_END,DRIFT,0.001000,11.889112,5.939576,0.090406,0.000000,-1.602100,0.861907,0.005500,0.000000,0.000013,0.000027
Q_DQ303_BEG,QUADRUPOLE,0.001000,11.889112,5.939576,0.090406,0.000000,-1.602100,0.861907,0.005500,0.000000,0.000013,0.000027
Q_DQ303_MID,QUADRUPOLE,0.382000,12.560039,5.591057,0.090351,0.000000,-0.130960,0.067244,-0.005785,0.000000,0.004937,0.010640
Q_DQ303_END,QUADRUPOLE,0.763000,12.082450,5.833828,0.086032,0.000000,1.364614,-0.714471,-0.016797,0.000000,0.009822,0.021350
O_DISEP_BEG,DRIFT,0.763000,12.082450,5.833828,0.086032,0.000000,1.364614,-0.714471,-0.016797,0.000000,0.009822,0.021350
O_DISEP_MID,DRIFT,1.039600,11.345669,6.248883,0.081386,0.000000,1.299091,-0.786087,-0.016797,0.000000,0.013582,0.028644
O_DISEP_END,DRIFT,1.316200,10.645135,6.703555,0.076740,0.000000,1.233568,-0.857703,-0.016797,0.000000,0.017588,0.035448
D_DISEP_BEG,DIPOLE,1.316200,10.645135,6.703555,0.076740,0.000000,1.233568,-0.857703,-0.016797,-0.000000,0.017588,0.035448
D_DISEP_MID,DIPOLE,2.256000,8.535745,8.544374,0.060953,-0.000000,1.010942,-1.101032,-0.016797,-0.000000,0.033305,0.055262
D_DISEP_END,DIPOLE,3.195800,6.844803,10.842553,0.045167,-0.000000,0.788316,-1.344361,-0.016797,-0.000000,0.052923,0.070827
O_DVP302_BEG,DRIFT,3.195800,6.844803,10.842553,0.045167,-0.000000,0.788316,-1.344361,-0.016797,-0.000000,0.052923,0.070827
O_DVP302_MID,DRIFT,3.761650,6.028514,12.446867,0.035663,-0.000000,0.654273,-1.490868,-0.016797,-0.000000,0.066961,0.078582
O_DVP302_END,DRIFT,4.327500,5.363920,14.216984,0.026158,-0.000000,0.520231,-1.637375,-0.016797,-0.000000,0.082824,0.085354
P_DVP302_BEG,POSITION,4.327500,5.363920,14.216984,0.026158,-0.000000,0.520231,-1.637375,-0.016797,-0.000000,0.082824,0.085354
P_DVP302_MID,POSITION,4.403700,5.286013,14.468023,0.024878,-0.000000,0.502180,-1.657105,-0.016797,-0.000000,0.085102,0.086200
P_DVP302_END,POSITION,4.479900,5.210856,14.722069,0.023598,-0.000000,0.484129,-1.676834,-0.016797,-0.000000,0.087413,0.087031
O_DQ302_BEG,DRIFT,4.479900,5.210856,14.722069,0.023598,-0.000000,0.484129,-1.676834,-0.016797,-0.000000,0.087413,0.087031
O_DQ302_MID,DRIFT,4.480400,5.210372,14.723746,0.023589,-0.000000,0.484011,-1.676963,-0.016797,-0.000000,0.087428,0.087036
O_DQ302_END,DRIFT,4.480900,5.209888,14.725423,0.023581,-0.000000,0.483893,-1.677093,-0.016797,-0.000000,0.087443,0.087042
Q_DQ302_BEG,QUADRUPOLE,4.480900,5.209888,14.725423,0.023581,-0.000000,0.483893,-1.677093,-0.016797,-0.000000,0.087443,0.087042
Q_DQ302_MID,QUADRUPOLE,4.814300,5.120003,15.250835,0.018424,-0.000000,-0.210646,0.122608,-0.014242,-0.000000,0.097794,0.090559
Q_DQ302_END,QUADRUPOLE,5.147700,5.498489,14.566313,0.014020,-0.000000,-0.939942,1.902620,-0.012269,-0.000000,0.107870,0.094095
O_DHT301_BEG,DRIFT,5.147700,5.498489,14.566313,0.014020,-0.000000,-0.939942,1.902620,-0.012269,-0.000000,0.107870,0.094095
O_DHT301_MID,DRIFT,5.446150,6.090052,13.458890,0.010358,-0.000000,-1.042175,1.807962,-0.012269,-0.000000,0.116082,0.097488
O_DHT301_END,DRIFT,5.744600,6.742637,12.407968,0.006696,-0.000000,-1.144408,1.713303,-0.012269,-0.000000,0.123497,0.101164
C_DHT301_BEG,TRIM,5.744600,6.742637,12.407968,0.006696,-0.000000,-1.144408,1.713303,-0.012269,-0.000000,0.123497,0.101164
C_DHT301_MID,TRIM,5.977950,7.295385,11.625640,0.003833,-0.000000,-1.224341,1.639292,-0.012269,-0.000000,0.128793,0.104256
C_DHT301_END,TRIM,6.211300,7.885438,10.877853,0.000970,-0.000000,-1.304275,1.565281,-0.012269,-0.000000,0.133690,0.107559
O_DPWC301_BEG,DRIFT,6.211300,7.885438,10.877853,0.000970,-0.000000,-1.304275,1.565281,-0.012269,-0.000000,0.133690,0.107559
O_DPWC301_MID,DRIFT,6.638950,9.063631,9.597074,-0.004277,-0.000000,-1.450765,1.429644,-0.012269,-0.000000,0.141745,0.114222
O_DPWC301_END,DRIFT,7.066600,10.367116,8.432305,-0.009523,-0.000000,-1.597255,1.294007,-0.012269,-0.000000,0.148768,0.121791
P_DPWC301_BEG,PROFILE,7.066600,10.367116,8.432305,-0.009523,-0.000000,-1.597255,1.294007,-0.012269,-0.000000,0.148768,0.121791
P_DPWC301_MID,PROFILE,7.168200,10.695215,8.172636,-0.010770,-0.000000,-1.632058,1.261783,-0.012269,-0.000000,0.150304,0.123739
P_DPWC301_END,PROFILE,7.269800,11.030385,7.919516,-0.012016,-0.000000,-1.666861,1.229559,-0.012269,-0.000000,0.151793,0.125749
O_DQX301_BEG,DRIFT,7.269800,11.030385,7.919516,-0.012016,-0.000000,-1.666861,1.229559,-0.012269,-0.000000,0.151793,0.125749
O_DQX301_MID,DRIFT,7.469200,11.708749,7.441779,-0.014463,-0.000000,-1.735165,1.166315,-0.012269,-0.000000,0.154586,0.129883
O_DQX301_END,DRIFT,7.668600,12.414352,6.989263,-0.016909,-0.000000,-1.803469,1.103072,-0.012269,-0.000000,0.157218,0.134284
Q_DQX301_BEG,QUADRUPOLE,7.668600,12.414352,6.989263,-0.016909,-0.000000,-1.803469,1.103072,-0.012269,-0.000000,0.157218,0.134284
Q_DQX301_MID,QUADRUPOLE,7.973400,13.545571,6.346296,-0.020649,-0.000000,-1.907877,1.006399,-0.012269,-0.000000,0.160959,0.141571
Q_DQX301_END,QUADRUPOLE,8.278200,14.740436,5.762261,-0.024389,-0.000000,-2.012285,0.909727,-0.012269,-0.000000,0.164392,0.149596
O_DHP301_BEG,DRIFT,8.278200,14.740436,5.762261,-0.024389,-0.000000,-2.012285,0.909727,-0.012269,-0.000000,0.164392,0.149596
O_DHP301_MID,DRIFT,8.519000,15.729415,5.342527,-0.027343,-0.000000,-2.094771,0.833353,-0.012269,-0.000000,0.166909,0.156506
O_DHP301_END,DRIFT,8.759800,16.758119,4.959575,-0.030297,-0.000000,-2.177256,0.756979,-0.012269,-0.000000,0.169270,0.163954
P_DHP301_BEG,POSITION,8.759800,16.758119,4.959575,-0.030297,-0.000000,-2.177256,0.756979,-0.012269,-0.000000,0.169270,0.163954
P_DHP301_MID,POSITION,8.836000,17.091922,4.846053,-0.031232,-0.000000,-2.203358,0.732811,-0.012269,-0.000000,0.169987,0.166427
P_DHP301_END,POSITION,8.912200,17.429703,4.736214,-0.032167,-0.000000,-2.229460,0.708642,-0.012269,-0.000000,0.170689,0.168959
O_DQ301_BEG,DRIFT,8.912200,17.429703,4.736214,-0.032167,-0.000000,-2.229460,0.708642,-0.012269,-0.000000,0.170689,0.168959
O_DQ301_MID,DRIFT,8.912700,17.431932,4.735506,-0.032173,-0.000000,-2.229632,0.708484,-0.012269,-0.000000,0.170694,0.168976
O_DQ301_END,DRIFT,8.913200,17.434162,4.734797,-0.032179,-0.000000,-2.229803,0.708325,-0.012269,-0.000000,0.170698,0.168993
Q_DQ301_BEG,QUADRUPOLE,8.913200,17.434162,4.734797,-0.032179,-0.000000,-2.229803,0.708325,-0.012269,-0.000000,0.170698,0.168993
Q_DQ301_MID,QUADRUPOLE,9.246600,18.228763,4.478045,-0.035599,-0.000000,-0.121557,0.072054,-0.008176,-0.000000,0.173655,0.180604
Q_DQ301_END,QUADRUPOLE,9.580000,17.591968,4.636115,-0.037595,-0.000000,2.005942,-0.552496,-0.003756,-0.000000,0.176599,0.192338
O_DKK3IA_BEG,DRIFT,9.580000,17.591968,4.636115,-0.037595,-0.000000,2.005942,-0.552496,-0.003756,-0.000000,0.176599,0.192338
O_DKK3IA_MID,DRIFT,10.283250,14.911844,5.552439,-0.040236,-0.000000,1.805112,-0.750489,-0.003756,-0.000000,0.183511,0.214470
O_DKK3IA_END,DRIFT,10.986500,12.514188,6.747241,-0.042878,-0.000000,1.604282,-0.948482,-0.003756,-0.000000,0.191708,0.232796
D_DKK3IA_BEG,DIPOLE,10.986500,12.514188,6.747241,-0.042878,-0.000000,1.604282,-0.948482,-0.003756,-0.000000,0.191708,0.232796
D_DKK3IA_MID,DIPOLE,11.462750,11.050881,7.714527,-0.044667,-0.000000,1.468278,-1.082565,-0.003756,-0.000000,0.198156,0.243310
D_DKK3IA_END,DIPOLE,11.939000,9.717118,8.809528,-0.046456,-0.000000,1.332273,-1.216649,-0.003756,-0.000000,0.205473,0.252510
O_DKK3IB_BEG,DRIFT,11.939000,9.717118,8.809528,-0.046456,-0.000000,1.332273,-1.216649,-0.003756,-0.000000,0.205473,0.252510
O_DKK3IB_MID,DRIFT,12.015200,9.515738,8.996580,-0.046742,-0.000000,1.310513,-1.238102,-0.003756,-0.000000,0.206734,0.253872
O_DKK3IB_END,DRIFT,12.091400,9.317674,9.186901,-0.047028,-0.000000,1.288752,-1.259556,-0.003756,-0.000000,0.208022,0.255206
D_DKK3IB_BEG,DIPOLE,12.091400,9.317674,9.186901,-0.047028,-0.000000,1.288752,-1.259556,-0.003756,-0.000000,0.208022,0.255206
D_DKK3IB_MID,DIPOLE,12.567650,8.154910,10.450485,-0.048817,-0.000000,1.152748,-1.393639,-0.003756,-0.000000,0.216722,0.262945
D_DKK3IB_END,DIPOLE,13.043900,7.121690,11.841783,-0.050606,-0.000000,1.016743,-1.527722,-0.003756,-0.000000,0.226674,0.269760
O_DQ202_BEG,DRIFT,13.043900,7.121690,11.841783,-0.050606,-0.000000,1.016743,-1.527722,-0.003756,-0.000000,0.226674,0.269760
O_DQ202_MID,DRIFT,13.194700,6.821534,12.308947,-0.051172,-0.000000,0.973679,-1.570179,-0.003756,-0.000000,0.230118,0.271748
O_DQ202_END,DRIFT,13.345500,6.534367,12.788915,-0.051739,-0.000000,0.930614,-1.612635,-0.003756,-0.000000,0.233713,0.273661
Q_DQ202_BEG,QUADRUPOLE,13.345500,6.534367,12.788915,-0.051739,-0.000000,0.930614,-1.612635,-0.003756,-0.000000,0.233713,0.273661
Q_DQ202_MID,QUADRUPOLE,13.678900,6.200311,13.349118,-0.054063,-0.000000,0.084999,-0.044630,-0.010235,-0.000000,0.242111,0.277695
Q_DQ202_END,QUADRUPOLE,14.012300,6.417891,12.846821,-0.058610,-0.000000,-0.746495,1.530590,-0.017134,-0.000000,0.250584,0.281720
O_DVP202_BEG,DRIFT,14.012300,6.417891,12.846821,-0.058610,-0.000000,-0.746495,1.530590,-0.017134,-0.000000,0.250584,0.281720
O_DVP202_MID,DRIFT,14.012800,6.418637,12.845290,-0.058619,-0.000000,-0.746617,1.530460,-0.017134,-0.000000,0.250596,0.281726
O_DVP202_END,DRIFT,14.013300,6.419384,12.843760,-0.058627,-0.000000,-0.746738,1.530330,-0.017134,-0.000000,0.250609,0.281732
P_DVP202_BEG,POSITION,14.013300,6.419384,12.843760,-0.058627,-0.000000,-0.746738,1.530330,-0.017134,-0.000000,0.250609,0.281732
P_DVP202_MID,POSITION,14.089500,6.534596,12.612048,-0.059933,-0.000000,-0.765227,1.510503,-0.017134,-0.000000,0.252481,0.282685
P_DVP202_END,POSITION,14.165700,6.652625,12.383358,-0.061238,-0.000000,-0.783717,1.490676,-0.017134,-0.000000,0.254320,0.283656
O_DESSA_BEG,DRIFT,14.165700,6.652625,12.383358,-0.061238,-0.000000,-0.783717,1.490676,-0.017134,-0.000000,0.254320,0.283656
O_DESSA_MID,DRIFT,15.145150,8.420621,9.712886,-0.078021,-0.000000,-1.021373,1.235826,-0.017134,-0.000000,0.275208,0.297888
O_DESSA_END,DRIFT,16.124600,10.654162,7.541640,-0.094803,-0.000000,-1.259030,0.980976,-0.017134,-0.000000,0.291695,0.316142
D_DESSA_BEG,DIPOLE,16.124600,10.654162,7.541640,-0.094803,-0.000000,-1.259033,0.980978,-0.017134,-0.000000,0.291695,0.316142
D_DESSA_MID,DIPOLE,16.749600,12.322734,6.417057,-0.105642,-0.000000,-1.410682,0.818354,-0.017551,-0.000000,0.300381,0.330460
D_DESSA_END,DIPOLE,17.374600,14.180867,5.495754,-0.116741,-0.000000,-1.562330,0.655731,-0.017967,-0.000000,0.307908,0.347241
O_DQ203_BEG,DRIFT,17.374600,14.180867,5.495754,-0.116741,-0.000000,-1.562334,0.655732,-0.017967,-0.000000,0.307908,0.347241
O_DQ203_MID,DRIFT,17.576200,14.820662,5.241938,-0.120363,-0.000000,-1.611251,0.603276,-0.017967,-0.000000,0.310122,0.353221
O_DQ203_END,DRIFT,17.777800,15.480180,5.009272,-0.123986,-0.000000,-1.660168,0.550820,-0.017967,-0.000000,0.312240,0.359484
Q_DQ203_BEG,QUADRUPOLE,17.777800,15.480180,5.009272,-0.123986,-0.000000,-1.660379,0.550889,-0.017969,-0.000000,0.312240,0.359484
Q_DQ203_MID,QUADRUPOLE,18.111200,16.015516,4.851445,-0.127277,-0.000000,0.074735,-0.071622,-0.001713,-0.000000,0.315589,0.370323
Q_DQ203_END,QUADRUPOLE,18.444600,15.382977,5.107183,-0.125120,-0.000000,1.798821,-0.704967,0.014608,-0.000000,0.318949,0.381058
O_DHP203_BEG,DRIFT,18.444600,15.382977,5.107183,-0.125120,-0.000000,1.798611,-0.704897,0.014606,-0.000000,0.318949,0.381058
O_DHP203_MID,DRIFT,18.445100,15.381178,5.107888,-0.125113,-0.000000,1.798474,-0.705044,0.014606,-0.000000,0.318954,0.381073
O_DHP203_END,DRIFT,18.445600,15.379380,5.108593,-0.125106,-0.000000,1.798336,-0.705190,0.014606,-0.000000,0.318959,0.381089
P_DHP203_BEG,POSITION,18.445600,15.379380,5.108593,-0.125106,-0.000000,1.798336,-0.705190,0.014606,-0.000000,0.318959,0.381089
P_DHP203_MID,POSITION,18.521800,15.106912,5.217766,-0.123993,-0.000000,1.777358,-0.727524,0.014606,-0.000000,0.319755,0.383438
P_DHP203_END,POSITION,18.598000,14.837641,5.330343,-0.122880,-0.000000,1.756380,-0.749858,0.014606,-0.000000,0.320565,0.385737
O_DESSB_BEG,DRIFT,18.598000,14.837641,5.330343,-0.122880,-0.000000,1.756380,-0.749858,0.014606,-0.000000,0.320565,0.385737
O_DESSB_MID,DRIFT,18.746750,14.321210,5.559910,-0.120707,-0.000000,1.715428,-0.793455,0.014606,-0.000000,0.322189,0.390087
O_DESSB_END,DRIFT,18.895500,13.816961,5.802449,-0.118535,-0.000000,1.674476,-0.837053,0.014606,-0.000000,0.323872,0.394255
D_DESSB_BEG,DIPOLE,18.895500,13.816961,5.802449,-0.118535,-0.000000,1.674471,-0.837051,0.014606,-0.000000,0.323872,0.394255
D_DESSB_MID,DIPOLE,19.770500,11.097412,7.491686,-0.106009,-0.000000,1.433585,-1.093506,0.014023,-0.000000,0.335128,0.415440
D_DESSB_END,DIPOLE,20.645500,8.799415,9.629721,-0.093995,-0.000000,1.192697,-1.349962,0.013440,-0.000000,0.349239,0.431865
O_DQ204_BEG,DRIFT,20.645500,8.799415,9.629721,-0.093995,-0.000000,1.192693,-1.349959,0.013439,-0.000000,0.349239,0.431865
O_DQ204_MID,DRIFT,21.427800,7.101812,11.921236,-0.083481,-0.000000,0.977323,-1.579244,0.013439,-0.000000,0.365015,0.443495
O_DQ204_END,DRIFT,22.210100,5.741177,14.571491,-0.072967,-0.000000,0.761952,-1.808529,0.013439,-0.000000,0.384563,0.452948
Q_DQ204_BEG,QUADRUPOLE,22.210100,5.741177,14.571491,-0.072967,-0.000000,0.761864,-1.808307,0.013438,-0.000000,0.384563,0.452948
Q_DQ204_MID,QUADRUPOLE,22.543500,5.488182,15.189009,-0.070331,-0.000001,0.007282,-0.018560,0.002431,0.000000,0.394086,0.456491
Q_DQ204_END,QUADRUPOLE,22.876900,5.731199,14.595574,-0.071335,-0.000000,-0.746093,1.774181,-0.008476,0.000000,0.403618,0.460030
O_DVP204_BEG,DRIFT,22.876900,5.731199,14.595574,-0.071335,-0.000000,-0.746181,1.774404,-0.008477,0.000000,0.403618,0.460030
O_DVP204_MID,DRIFT,22.877400,5.731945,14.593799,-0.071339,-0.000000,-0.746317,1.774262,-0.008477,0.000000,0.403632,0.460036
O_DVP204_END,DRIFT,22.877900,5.732692,14.592025,-0.071343,-0.000000,-0.746452,1.774120,-0.008477,0.000000,0.403645,0.460041
P_DVP204_BEG,POSITION,22.877900,5.732692,14.592025,-0.071343,-0.000000,-0.746452,1.774120,-0.008477,0.000000,0.403645,0.460041
P_DVP204_MID,POSITION,22.954100,5.848028,14.323300,-0.071989,-0.000000,-0.767151,1.752462,-0.008477,0.000000,0.405740,0.460880
P_DVP204_END,POSITION,23.030300,5.966519,14.057875,-0.072635,-0.000000,-0.787849,1.730803,-0.008477,0.000000,0.407793,0.461735
O_DPWC204_BEG,DRIFT,23.030300,5.966519,14.057875,-0.072635,-0.000000,-0.787849,1.730803,-0.008477,0.000000,0.407793,0.461735
O_DPWC204_MID,DRIFT,23.410850,6.605489,12.781722,-0.075861,-0.000000,-0.891219,1.622639,-0.008477,0.000000,0.417447,0.466254
O_DPWC204_END,DRIFT,23.791400,7.323133,11.587893,-0.079087,-0.000000,-0.994590,1.514475,-0.008477,0.000000,0.426159,0.471231
P_DPWC204_BEG,PROFILE,23.791400,7.323133,11.587893,-0.079087,-0.000000,-0.994590,1.514475,-0.008477,0.000000,0.426159,0.471231
P_DPWC204_MID,PROFILE,23.893000,7.528038,11.283086,-0.079948,-0.000000,-1.022188,1.485597,-0.008477,0.000000,0.428337,0.472645
P_DPWC204_END,PROFILE,23.994600,7.738550,10.984146,-0.080809,-0.000000,-1.049786,1.456720,-0.008477,0.000000,0.430456,0.474098
O_DELAM_BEG,DRIFT,23.994600,7.738550,10.984146,-0.080809,-0.000000,-1.049786,1.456720,-0.008477,0.000000,0.430456,0.474098
O_DELAM_MID,DRIFT,24.391400,8.614429,9.872846,-0.084173,-0.000000,-1.157570,1.343937,-0.008477,0.000000,0.438194,0.480164
O_DELAM_END,DRIFT,24.788200,9.575845,8.851050,-0.087537,-0.000000,-1.265354,1.231154,-0.008477,0.000000,0.445149,0.486921
D_DELAM_BEG,DIPOLE,24.788200,9.575845,8.851050,-0.087537,-0.000000,-1.260182,1.226374,-0.008430,0.000002,0.445149,0.486921
D_DELAM_MID,DIPOLE,25.528000,11.588328,7.188267,-0.093592,-0.007395,-1.460124,1.020938,-0.007942,-0.019992,0.456336,0.501703
D_DELAM_END,DIPOLE,26.267800,13.896643,5.830695,-0.099287,-0.029578,-1.660064,0.813870,-0.007454,-0.039978,0.465619,0.519929
O_DQ205_BEG,DRIFT,26.267800,13.896643,5.830695,-0.099287,-0.029578,-1.652558,0.810721,-0.007399,-0.039991,0.465619,0.519929
O_DQ205_MID,DRIFT,26.469400,14.573866,5.515364,-0.100779,-0.037640,-1.706683,0.753419,-0.007399,-0.039991,0.467874,0.525588
O_DQ205_END,DRIFT,26.671000,15.272912,5.223137,-0.102270,-0.045702,-1.760809,0.696118,-0.007399,-0.039991,0.470025,0.531567
Q_DQ205_BEG,QUADRUPOLE,26.671000,15.272912,5.223137,-0.102270,-0.045702,-1.759380,0.695629,-0.007381,-0.039976,0.470025,0.531567
Q_DQ205_MID,QUADRUPOLE,26.975800,15.816847,5.000459,-0.102093,-0.059792,-0.004313,0.043432,0.008542,-0.052745,0.473128,0.541121
Q_DQ205_END,QUADRUPOLE,27.280600,15.278049,5.168943,-0.097094,-0.078043,1.751350,-0.602625,0.024167,-0.067361,0.476231,0.550724
O_DECMAG_BEG,DRIFT,27.280600,15.278049,5.168943,-0.097094,-0.078043,1.752779,-0.603109,0.024191,-0.067351,0.476231,0.550724
O_DECMAG_MID,DRIFT,27.580650,14.250204,5.554623,-0.089835,-0.098252,1.672803,-0.682274,0.024191,-0.067351,0.479467,0.559641
O_DECMAG_END,DRIFT,27.880700,13.270351,5.987809,-0.082577,-0.118460,1.592827,-0.761439,0.024191,-0.067351,0.482940,0.567925
D_DECMAG_BEG,DIPOLE,27.880700,13.270351,5.987809,-0.082577,-0.118460,1.602831,-0.765954,0.024255,-0.067439,0.482940,0.567925
D_DECMAG_MID,DIPOLE,28.965700,10.108823,7.956001,-0.056102,-0.207087,1.311020,-1.047555,0.024546,-0.095917,0.497871,0.593045
D_DECMAG_END,DIPOLE,30.050700,7.580526,10.531727,-0.029312,-0.326572,1.019207,-1.325740,0.024837,-0.124317,0.517649,0.611952
O_DPWC900_BEG,DRIFT,30.050700,7.580526,10.531727,-0.029312,-0.326572,1.024922,-1.333680,0.024864,-0.124563,0.517649,0.611952
O_DPWC900_MID,DRIFT,30.141700,7.396231,10.776642,-0.027049,-0.337907,1.000307,-1.357691,0.024864,-0.124563,0.519583,0.613311
O_DPWC900_END,DRIFT,30.232700,7.216415,11.025927,-0.024787,-0.349242,0.975692,-1.381701,0.024864,-0.124563,0.521565,0.614640
P_DPWC900_BEG,PROFILE,30.232700,7.216415,11.025927,-0.024787,-0.349242,0.975692,-1.381701,0.024864,-0.124563,0.521565,0.614640
P_DPWC900_MID,PROFILE,30.334300,7.020946,11.309412,-0.022260,-0.361898,0.948210,-1.408508,0.024864,-0.124563,0.523837,0.616088
P_DPWC900_END,PROFILE,30.435900,6.831062,11.598345,-0.019734,-0.374554,0.920728,-1.435316,0.024864,-0.124563,0.526172,0.617500
O_DHT900_BEG,DRIFT,30.435900,6.831062,11.598345,-0.019734,-0.374554,0.920728,-1.435316,0.024864,-0.124563,0.526172,0.617500
O_DHT900_MID,DRIFT,30.523200,6.672364,11.850962,-0.017564,-0.385428,0.897114,-1.458350,0.024864,-0.124563,0.528230,0.618685
O_DHT900_END,DRIFT,30.610500,6.517790,12.107600,-0.015393,-0.396302,0.873500,-1.481384,0.024864,-0.124563,0.530337,0.619845
C_DHT900_BEG,TRIM,30.610500,6.517790,12.107600,-0.015393,-0.396302,0.873500,-1.481384,0.024864,-0.124563,0.530337,0.619845
C_DHT900_MID,TRIM,30.693050,6.375418,12.353975,-0.013341,-0.406585,0.851171,-1.503165,0.024864,-0.124563,0.532376,0.620919
C_DHT900_END,TRIM,30.775600,6.236733,12.603945,-0.011288,-0.416867,0.828842,-1.524946,0.024864,-0.124563,0.534459,0.621972
O_DQ901_BEG,DRIFT,30.775600,6.236733,12.603945,-0.011288,-0.416867,0.828842,-1.524946,0.024864,-0.124563,0.534459,0.621972
O_DQ901_MID,DRIFT,31.476050,5.208321,14.869694,0.006128,-0.504117,0.639375,-1.709759,0.024864,-0.124563,0.554069,0.630119
O_DQ901_END,DRIFT,32.176500,4.445333,17.394349,0.023544,-0.591367,0.449907,-1.894573,0.024864,-0.124563,0.577320,0.637053
Q_DQ901_BEG,QUADRUPOLE,32.176500,4.445333,17.394349,0.023544,-0.591367,0.449907,-1.894573,0.024864,-0.124563,0.577320,0.637053
Q_DQ901_MID,QUADRUPOLE,32.387950,4.354347,17.850462,0.029055,-0.611704,-0.016739,-0.248071,0.027351,-0.067473,0.584998,0.638957
Q_DQ901_END,QUADRUPOLE,32.599400,4.459681,17.601377,0.035149,-0.619806,-0.484736,1.418179,0.030388,-0.009035,0.592663,0.640849
O_DV901_BEG,DRIFT,32.599400,4.459681,17.601377,0.035149,-0.619806,-0.484736,1.418179,0.030388,-0.009035,0.592663,0.640849
O_DV901_MID,DRIFT,32.877150,4.750315,16.826777,0.043589,-0.622316,-0.561651,1.370660,0.030388,-0.009035,0.602273,0.643418
O_DV901_END,DRIFT,33.154900,5.083675,16.078574,0.052030,-0.624825,-0.638566,1.323141,0.030388,-0.009035,0.611274,0.646105
D_DV901_BEG,DIPOLE,33.154900,5.083675,16.078574,0.052030,-0.624825,-0.628335,1.290785,0.030283,-0.010292,0.611274,0.646105
D_DV901_MID,DIPOLE,34.678900,7.636093,12.487777,0.098181,-0.597378,-1.046480,1.062974,0.030283,0.046302,0.650603,0.663248
D_DV901_END,DIPOLE,36.202900,11.463014,9.611925,0.144333,-0.483768,-1.464624,0.822137,0.030283,0.102755,0.676644,0.685448
O_DHT901_BEG,DRIFT,36.202900,11.463014,9.611925,0.144333,-0.483768,-1.441555,0.802794,0.029993,0.101781,0.676644,0.685448
O_DHT901_MID,DRIFT,36.479850,12.282088,9.180381,0.152639,-0.455580,-1.515923,0.755410,0.029993,0.101781,0.680359,0.690141
O_DHT901_END,DRIFT,36.756800,13.142354,8.775083,0.160946,-0.427391,-1.590291,0.708025,0.029993,0.101781,0.683829,0.695053
C_DHT901_BEG,TRIM,36.756800,13.142354,8.775083,0.160946,-0.427391,-1.590291,0.708025,0.029993,0.101781,0.683829,0.695053
C_DHT901_MID,TRIM,36.990150,13.899164,8.453964,0.167945,-0.403641,-1.652951,0.668100,0.029993,0.101781,0.686577,0.699366
C_DHT901_END,TRIM,37.223500,14.685218,8.151478,0.174944,-0.379890,-1.715611,0.628175,0.029993,0.101781,0.689177,0.703840
O_DQ902_BEG,DRIFT,37.223500,14.685218,8.151478,0.174944,-0.379890,-1.715611,0.628175,0.029993,0.101781,0.689177,0.703840
O_DQ902_MID,DRIFT,37.446400,15.463379,7.879938,0.181629,-0.357203,-1.775466,0.590038,0.029993,0.101781,0.691531,0.708267
O_DQ902_END,DRIFT,37.669300,16.268223,7.625400,0.188314,-0.334516,-1.835320,0.551901,0.029993,0.101781,0.693768,0.712845
Q_DQ902_BEG,QUADRUPOLE,37.669300,16.268223,7.625400,0.188314,-0.334516,-1.835320,0.551901,0.029993,0.101781,0.693768,0.712845
Q_DQ902_MID,QUADRUPOLE,38.066200,17.088254,7.511022,0.196397,-0.300542,-0.203232,-0.259901,0.010602,0.069983,0.697532,0.721251
Q_DQ902_END,QUADRUPOLE,38.463100,16.582365,8.049077,0.196674,-0.278593,1.460844,-1.113714,-0.009211,0.040986,0.701260,0.729433
O_DIC902_BEG,DRIFT,38.463100,16.582365,8.049077,0.196674,-0.278593,1.460844,-1.113714,-0.009211,0.040986,0.701260,0.729433
O_DIC902_MID,DRIFT,38.562150,16.294826,8.272434,0.195762,-0.274534,1.442124,-1.141284,-0.009211,0.040986,0.702219,0.731365
O_DIC902_END,DRIFT,38.661200,16.010996,8.501254,0.194849,-0.270474,1.423403,-1.168855,-0.009211,0.040986,0.703195,0.733245
W_DIC902_BEG,INTENSITY,38.661200,16.010996,8.501254,0.194849,-0.270474,1.423403,-1.168855,-0.009211,0.040986,0.703195,0.733245
W_DIC902_MID,INTENSITY,38.762800,15.723711,8.741638,0.193914,-0.266310,1.404201,-1.197135,-0.009211,0.040986,0.704214,0.735121
W_DIC902_END,INTENSITY,38.864400,15.440329,8.987769,0.192978,-0.262146,1.384998,-1.225415,-0.009211,0.040986,0.705252,0.736945
O_DQ903_BEG,DRIFT,38.864400,15.440329,8.987769,0.192978,-0.262146,1.384998,-1.225415,-0.009211,0.040986,0.705252,0.736945
O_DQ903_MID,DRIFT,39.366750,14.096517,10.289186,0.188351,-0.241556,1.290054,-1.365242,-0.009211,0.040986,0.710672,0.745263
O_DQ903_END,DRIFT,39.869100,12.848095,11.731087,0.183724,-0.220967,1.195109,-1.505069,-0.009211,0.040986,0.716615,0.752543
Q_DQ903_BEG,QUADRUPOLE,39.869100,12.848095,11.731087,0.183724,-0.220967,1.195109,-1.505069,-0.009211,0.040986,0.716615,0.752543
Q_DQ903_MID,QUADRUPOLE,40.266000,12.536125,12.366888,0.184542,-0.199459,-0.396339,-0.070691,0.013350,0.066953,0.721633,0.757746
Q_DQ903_END,QUADRUPOLE,40.662900,13.498007,11.839697,0.194408,-0.168251,-2.066466,1.377272,0.036566,0.089664,0.726530,0.762925
O_DMW903_BEG,DRIFT,40.662900,13.498007,11.839697,0.194408,-0.168251,-2.066466,1.377272,0.036566,0.089664,0.726530,0.762925
O_DMW903_MID,DRIFT,40.933800,14.646272,11.111448,0.204313,-0.143961,-2.172239,1.310988,0.036566,0.089664,0.729597,0.766684
O_DMW903_END,DRIFT,41.204700,15.851845,10.419111,0.214219,-0.119671,-2.278012,1.244704,0.036566,0.089664,0.732426,0.770692
P_DMW903_BEG,PROFILE,41.204700,15.851845,10.419111,0.214219,-0.119671,-2.278012,1.244704,0.036566,0.089664,0.732426,0.770692
P_DMW903_MID,PROFILE,41.407900,16.793750,9.923366,0.221649,-0.101451,-2.357351,1.194984,0.036566,0.089664,0.734409,0.773873
P_DMW903_END,PROFILE,41.611100,17.767900,9.447828,0.229080,-0.083231,-2.436691,1.145265,0.036566,0.089664,0.736281,0.777213
O_DQ904_BEG,DRIFT,41.611100,17.767900,9.447828,0.229080,-0.083231,-2.436691,1.145265,0.036566,0.089664,0.736281,0.777213
O_DQ904_MID,DRIFT,41.714850,18.277716,9.212819,0.232873,-0.073929,-2.477200,1.119879,0.036566,0.089664,0.737197,0.778983
O_DQ904_END,DRIFT,41.818600,18.795937,8.983078,0.236667,-0.064626,-2.517709,1.094494,0.036566,0.089664,0.738088,0.780798
Q_DQ904_BEG,QUADRUPOLE,41.818600,18.795937,8.983078,0.236667,-0.064626,-2.517709,1.094494,0.036566,0.089664,0.738088,0.780798
Q_DQ904_MID,QUADRUPOLE,42.215500,20.122780,8.466711,0.246747,-0.030013,-0.784166,0.222439,0.014069,0.085287,0.741317,0.788089
Q_DQ904_END,QUADRUPOLE,42.612400,20.010538,8.621200,0.247767,0.003491,1.063483,-0.616444,-0.008944,0.084060,0.744445,0.795531
O_DPWC904_BEG,DRIFT,42.612400,20.010538,8.621200,0.247767,0.003491,1.063483,-0.616444,-0.008944,0.084060,0.744445,0.795531
O_DPWC904_MID,DRIFT,43.429450,18.343792,9.735396,0.240459,0.072172,0.976472,-0.747237,-0.008944,0.084060,0.751235,0.809744
O_DPWC904_END,DRIFT,44.246500,16.819231,11.063321,0.233151,0.140854,0.889461,-0.878030,-0.008944,0.084060,0.758641,0.822287
P_DPWC904_BEG,PROFILE,44.246500,16.819231,11.063321,0.233151,0.140854,0.889461,-0.878030,-0.008944,0.084060,0.758641,0.822287
P_DPWC904_MID,PROFILE,44.348100,16.639592,11.243389,0.232242,0.149394,0.878641,-0.894294,-0.008944,0.084060,0.759607,0.823737
P_DPWC904_END,PROFILE,44.449700,16.462152,11.426762,0.231333,0.157935,0.867821,-0.910559,-0.008944,0.084060,0.760585,0.825163
O_DQ905_BEG,DRIFT,44.449700,16.462152,11.426762,0.231333,0.157935,0.867821,-0.910559,-0.008944,0.084060,0.760585,0.825163
O_DQ905_MID,DRIFT,45.266800,15.115060,13.021675,0.224025,0.226620,0.780804,-1.041359,-0.008944,0.084060,0.768833,0.835833
O_DQ905_END,DRIFT,46.083900,13.910171,14.830342,0.216717,0.295306,0.693788,-1.172160,-0.008944,0.084060,0.777806,0.845196
Q_DQ905_BEG,QUADRUPOLE,46.083900,13.910171,14.830342,0.216717,0.295306,0.693788,-1.172160,-0.008944,0.084060,0.777806,0.845196
Q_DQ905_MID,QUADRUPOLE,46.295350,13.602117,15.354686,0.214672,0.313294,0.762388,-1.308767,-0.010389,0.086098,0.780252,0.847427
Q_DQ905_END,QUADRUPOLE,46.506800,13.265952,15.938342,0.212324,0.331725,0.826672,-1.452790,-0.011819,0.088257,0.782757,0.849579
O_DHT905_BEG,DRIFT,46.506800,13.265952,15.938342,0.212324,0.331725,0.826672,-1.452790,-0.011819,0.088257,0.782757,0.849579
O_DHT905_MID,DRIFT,47.054900,12.397876,17.589521,0.205846,0.380099,0.757120,-1.559762,-0.011819,0.088257,0.789561,0.854790
O_DHT905_END,DRIFT,47.603000,11.606042,19.357964,0.199369,0.428473,0.687568,-1.666734,-0.011819,0.088257,0.796836,0.859518
C_DHT905_BEG,TRIM,47.603000,11.606042,19.357964,0.199369,0.428473,0.687568,-1.666734,-0.011819,0.088257,0.796836,0.859518
C_DHT905_MID,TRIM,47.836350,11.292064,20.146456,0.196611,0.449068,0.657957,-1.712277,-0.011819,0.088257,0.800080,0.861399
C_DHT905_END,TRIM,48.069700,10.991905,20.956203,0.193853,0.469662,0.628345,-1.757819,-0.011819,0.088257,0.803414,0.863206
O_DQ906_BEG,DRIFT,48.069700,10.991905,20.956203,0.193853,0.469662,0.628345,-1.757819,-0.011819,0.088257,0.803414,0.863206
O_DQ906_MID,DRIFT,48.260000,10.757352,21.632297,0.191604,0.486458,0.604197,-1.794960,-0.011819,0.088257,0.806200,0.864629
O_DQ906_END,DRIFT,48.450300,10.531990,22.322526,0.189355,0.503253,0.580049,-1.832101,-0.011819,0.088257,0.809045,0.866007
Q_DQ906_BEG,QUADRUPOLE,48.450300,10.531990,22.322526,0.189355,0.503253,0.580049,-1.832101,-0.011819,0.088257,0.809045,0.866007
Q_DQ906_MID,QUADRUPOLE,48.783700,10.533460,22.743347,0.188806,0.523480,-0.584510,0.585056,0.008515,0.032717,0.814114,0.868348
Q_DQ906_END,QUADRUPOLE,49.117100,11.330316,21.560866,0.195067,0.524938,-1.834162,2.919059,0.029156,-0.023996,0.819001,0.870730
O_DV906_BEG,DRIFT,49.117100,11.330316,21.560866,0.195067,0.524938,-1.834162,2.919059,0.029156,-0.023996,0.819001,0.870730
O_DV906_MID,DRIFT,49.426100,12.500605,19.799051,0.204076,0.517523,-1.953181,2.782609,0.029156,-0.023996,0.823134,0.873111
O_DV906_END,DRIFT,49.735100,13.744448,18.121562,0.213085,0.510109,-2.072201,2.646159,0.029156,-0.023996,0.826886,0.875707
D_DV906_BEG,DIPOLE,49.735100,13.744448,18.121562,0.213085,0.510109,-2.051634,2.619042,0.028838,-0.023233,0.826886,0.875707
D_DV906_MID,DIPOLE,50.488350,17.050277,14.404502,0.234807,0.479684,-2.337120,2.313800,0.028838,-0.057543,0.834721,0.883129
D_DV906_END,DIPOLE,51.241600,20.786189,11.155321,0.256529,0.423436,-2.622605,1.998129,0.028838,-0.091788,0.841091,0.892590
O_DMW906_BEG,DRIFT,51.241600,20.786189,11.155321,0.256529,0.423436,-2.591502,1.981436,0.028454,-0.091154,0.841091,0.892590
O_DMW906_MID,DRIFT,51.888900,24.296681,8.775181,0.274947,0.364432,-2.831781,1.695592,0.028454,-0.091154,0.845676,0.903010
O_DMW906_END,DRIFT,52.536200,28.118238,6.765093,0.293365,0.305428,-3.072061,1.409749,0.028454,-0.091154,0.849618,0.916397
P_DMW906_BEG,PROFILE,52.536200,28.118238,6.765093,0.293365,0.305428,-3.072061,1.409749,0.028454,-0.091154,0.849618,0.916397
P_DMW906_MID,PROFILE,52.739400,29.382051,6.210405,0.299147,0.286905,-3.147490,1.320017,0.028454,-0.091154,0.850743,0.921388
P_DMW906_END,PROFILE,52.942600,30.676517,5.692184,0.304929,0.268383,-3.222918,1.230285,0.028454,-0.091154,0.851820,0.926828
O_DHT906_BEG,DRIFT,52.942600,30.676517,5.692184,0.304929,0.268383,-3.222918,1.230285,0.028454,-0.091154,0.851820,0.926828
O_DHT906_MID,DRIFT,53.133100,31.917920,5.239470,0.310349,0.251018,-3.293632,1.146161,0.028454,-0.091154,0.852789,0.932381
O_DHT906_END,DRIFT,53.323600,33.186265,4.818809,0.315769,0.233653,-3.364346,1.062038,0.028454,-0.091154,0.853721,0.938417
C_DHT906_BEG,TRIM,53.323600,33.186265,4.818809,0.315769,0.233653,-3.364346,1.062038,0.028454,-0.091154,0.853721,0.938417
C_DHT906_MID,TRIM,53.556950,34.776619,4.347201,0.322409,0.212382,-3.450967,0.958992,0.028454,-0.091154,0.854814,0.946535
C_DHT906_END,TRIM,53.790300,36.407398,3.923686,0.329049,0.191111,-3.537587,0.855946,0.028454,-0.091154,0.855857,0.955532
O_DQ907_BEG,DRIFT,53.790300,36.407398,3.923686,0.329049,0.191111,-3.537587,0.855946,0.028454,-0.091154,0.855857,0.955532
O_DQ907_MID,DRIFT,53.980650,37.767607,3.613827,0.334465,0.173760,-3.608245,0.771889,0.028454,-0.091154,0.856674,0.963581
O_DQ907_END,DRIFT,54.171000,39.154716,3.335970,0.339881,0.156409,-3.678904,0.687831,0.028454,-0.091154,0.857462,0.972310
Q_DQ907_BEG,QUADRUPOLE,54.171000,39.154716,3.335970,0.339881,0.156409,-3.678904,0.687831,0.028454,-0.091154,0.857462,0.972310
Q_DQ907_MID,QUADRUPOLE,54.567900,40.802796,2.958622,0.345569,0.122597,-0.428104,0.273249,0.000132,-0.079689,0.859034,0.992582
Q_DQ907_END,QUADRUPOLE,54.964800,39.819650,2.892637,0.339985,0.092806,2.878099,-0.105190,-0.028194,-0.070837,0.860593,1.014361
O_DV907_BEG,DRIFT,54.964800,39.819650,2.892637,0.339985,0.092806,2.878099,-0.105190,-0.028194,-0.070837,0.860593,1.014361
O_DV907_MID,DRIFT,55.412950,37.286833,3.057121,0.327350,0.061060,2.773618,-0.261837,-0.028194,-0.070837,0.862444,1.038438
O_DV907_END,DRIFT,55.861100,34.847661,3.362007,0.314715,0.029314,2.669138,-0.418484,-0.028194,-0.070837,0.864423,1.060759
D_DV907_BEG,DIPOLE,55.861100,34.847661,3.362007,0.314715,0.029314,2.721282,-0.423515,-0.028665,-0.070794,0.864423,1.060759
D_DV907_MID,DIPOLE,56.614350,30.884905,4.194732,0.293123,-0.011377,2.539595,-0.681578,-0.028665,-0.037237,0.868077,1.092894
D_DV907_END,DIPOLE,57.367600,27.195860,5.414057,0.271531,-0.026773,2.357909,-0.936567,-0.028665,-0.003639,0.872214,1.118151
O_DWCM907_BEG,DRIFT,57.367600,27.195860,5.414057,0.271531,-0.026773,2.398603,-0.944668,-0.029071,-0.003679,0.872214,1.118151
O_DWCM907_MID,DRIFT,58.317200,22.864354,7.523362,0.243925,-0.030267,2.162797,-1.276588,-0.029071,-0.003679,0.878277,1.141920
O_DWCM907_END,DRIFT,59.266800,18.980691,10.263048,0.216319,-0.033761,1.926991,-1.608508,-0.029071,-0.003679,0.885534,1.159153
W_DWCM907_BEG,INTENSITY,59.266800,18.980691,10.263048,0.216319,-0.033761,1.926991,-1.608508,-0.029071,-0.003679,0.885534,1.159153
W_DWCM907_MID,INTENSITY,59.419200,18.399111,10.761440,0.211889,-0.034321,1.889147,-1.661777,-0.029071,-0.003679,0.886832,1.161462
W_DWCM907_END,INTENSITY,59.571600,17.829067,11.276068,0.207458,-0.034882,1.851303,-1.715046,-0.029071,-0.003679,0.888171,1.163664
O_DQ908_BEG,DRIFT,59.571600,17.829067,11.276068,0.207458,-0.034882,1.851303,-1.715046,-0.029071,-0.003679,0.888171,1.163664
O_DQ908_MID,DRIFT,61.308350,12.147578,18.287589,0.156969,-0.041272,1.420031,-2.322104,-0.029071,-0.003679,0.906997,1.182960
O_DQ908_END,DRIFT,63.045100,7.964113,27.407724,0.106480,-0.047662,0.988759,-2.929162,-0.029071,-0.003679,0.935248,1.195319
Q_DQ908_BEG,QUADRUPOLE,63.045100,7.964113,27.407724,0.106480,-0.047662,0.988759,-2.929162,-0.029071,-0.003679,0.935248,1.195319
Q_DQ908_MID,QUADRUPOLE,63.256550,7.666896,28.262556,0.101076,-0.048100,0.423509,-1.094381,-0.022103,-0.000457,0.939565,1.196525
Q_DQ908_END,QUADRUPOLE,63.468000,7.602504,28.324604,0.097110,-0.047854,-0.117545,0.802332,-0.015449,0.002773,0.943984,1.197711
O_DMW908_BEG,DRIFT,63.468000,7.602504,28.324604,0.097110,-0.047854,-0.117545,0.802332,-0.015449,0.002773,0.943984,1.197711
O_DMW908_MID,DRIFT,64.078850,7.795868,27.366050,0.087673,-0.046161,-0.199005,0.766883,-0.015449,0.002773,0.956626,1.201204
O_DMW908_END,DRIFT,64.689700,8.088752,26.450803,0.078236,-0.044467,-0.280465,0.731434,-0.015449,0.002773,0.968881,1.204818
P_DMW908_BEG,PROFILE,64.689700,8.088752,26.450803,0.078236,-0.044467,-0.280465,0.731434,-0.015449,0.002773,0.968881,1.204818
P_DMW908_MID,PROFILE,64.791300,8.147119,26.302775,0.076666,-0.044185,-0.294013,0.725537,-0.015449,0.002773,0.970873,1.205431
P_DMW908_END,PROFILE,64.892900,8.208239,26.155945,0.075097,-0.043904,-0.307562,0.719641,-0.015449,0.002773,0.972850,1.206047
O_DQ909_BEG,DRIFT,64.892900,8.208239,26.155945,0.075097,-0.043904,-0.307562,0.719641,-0.015449,0.002773,0.972850,1.206047
O_DQ909_MID,DRIFT,65.183600,8.398325,25.742449,0.070606,-0.043098,-0.346329,0.702771,-0.015449,0.002773,0.978424,1.207830
O_DQ909_END,DRIFT,65.474300,8.610950,25.338762,0.066115,-0.042292,-0.385095,0.685901,-0.015449,0.002773,0.983866,1.209642
Q_DQ909_BEG,QUADRUPOLE,65.474300,8.610950,25.338762,0.066115,-0.042292,-0.385095,0.685901,-0.015449,0.002773,0.983866,1.209642
Q_DQ909_MID,QUADRUPOLE,65.685750,8.850977,24.847089,0.063113,-0.041534,-0.753133,1.633028,-0.012963,0.004388,0.987726,1.210981
Q_DQ909_END,QUADRUPOLE,65.897200,9.251413,23.965033,0.060625,-0.040439,-1.145768,2.527111,-0.010582,0.005967,0.991450,1.212359
O_DVT909_BEG,DRIFT,65.897200,9.251413,23.965033,0.060625,-0.040439,-1.145768,2.527111,-0.010582,0.005967,0.991450,1.212359
O_DVT909_MID,DRIFT,66.391000,10.443932,21.544412,0.055400,-0.037492,-1.269215,2.374916,-0.010582,0.005967,0.999449,1.215818
O_DVT909_END,DRIFT,66.884800,11.758366,19.274099,0.050175,-0.034546,-1.392662,2.222721,-0.010582,0.005967,1.006543,1.219675
C_DVT909_BEG,TRIM,66.884800,11.758366,19.274099,0.050175,-0.034546,-1.392662,2.222721,-0.010582,0.005967,1.006543,1.219675
C_DVT909_MID,TRIM,66.967350,11.989998,18.909228,0.049301,-0.034053,-1.413299,2.197278,-0.010582,0.005967,1.007650,1.220363
C_DVT909_END,TRIM,67.049900,12.225038,18.548558,0.048428,-0.033560,-1.433936,2.171835,-0.010582,0.005967,1.008735,1.221064
O_DHT909_BEG,DRIFT,67.049900,12.225038,18.548558,0.048428,-0.033560,-1.433936,2.171835,-0.010582,0.005967,1.008735,1.221064
O_DHT909_MID,DRIFT,67.411850,13.295815,17.016744,0.044598,-0.031401,-1.524421,2.060278,-0.010582,0.005967,1.013254,1.224307
O_DHT909_END,DRIFT,67.773800,14.432095,15.565687,0.040768,-0.029241,-1.614907,1.948721,-0.010582,0.005967,1.017413,1.227847
C_DHT909_BEG,TRIM,67.773800,14.432095,15.565687,0.040768,-0.029241,-1.614907,1.948721,-0.010582,0.005967,1.017413,1.227847
C_DHT909_MID,TRIM,67.856350,14.700419,15.246054,0.039894,-0.028748,-1.635544,1.923278,-0.010582,0.005967,1.018315,1.228700
C_DHT909_END,TRIM,67.938900,14.972151,14.930621,0.039021,-0.028256,-1.656181,1.897835,-0.010582,0.005967,1.019201,1.229571
O_DMW909_BEG,DRIFT,67.938900,14.972151,14.930621,0.039021,-0.028256,-1.656181,1.897835,-0.010582,0.005967,1.019201,1.229571
O_DMW909_MID,DRIFT,68.262750,16.071079,13.733718,0.035594,-0.026323,-1.737141,1.798021,-0.010582,0.005967,1.022524,1.233170
O_DMW909_END,DRIFT,68.586600,17.222444,12.601465,0.032167,-0.024391,-1.818102,1.698206,-0.010582,0.005967,1.025622,1.237089
P_DMW909_BEG,PROFILE,68.586600,17.222444,12.601465,0.032167,-0.024391,-1.818102,1.698206,-0.010582,0.005967,1.025622,1.237089
P_DMW909_MID,PROFILE,68.688200,17.594463,12.259571,0.031092,-0.023784,-1.843501,1.666892,-0.010582,0.005967,1.026551,1.238390
P_DMW909_END,PROFILE,68.789800,17.971643,11.924040,0.030017,-0.023178,-1.868901,1.635578,-0.010582,0.005967,1.027460,1.239727
O_DQ910_BEG,DRIFT,68.789800,17.971643,11.924040,0.030017,-0.023178,-1.868901,1.635578,-0.010582,0.005967,1.027460,1.239727
O_DQ910_MID,DRIFT,68.916000,18.447335,11.516129,0.028681,-0.022425,-1.900450,1.596681,-0.010582,0.005967,1.028564,1.241441
O_DQ910_END,DRIFT,69.042200,18.930990,11.118035,0.027346,-0.021672,-1.931999,1.557785,-0.010582,0.005967,1.029638,1.243216
Q_DQ910_BEG,QUADRUPOLE,69.042200,18.930990,11.118035,0.027346,-0.021672,-1.931999,1.557785,-0.010582,0.005967,1.029638,1.243216
Q_DQ910_MID,QUADRUPOLE,69.375600,19.587522,10.469148,0.023379,-0.020037,-0.015046,0.410287,-0.013151,0.003866,1.032379,1.248163
Q_DQ910_END,QUADRUPOLE,69.709000,18.950608,10.558507,0.018626,-0.019080,1.903912,-0.681313,-0.015279,0.001896,1.035117,1.253240
O_DH910_BEG,DRIFT,69.709000,18.950608,10.558507,0.018626,-0.019080,1.903912,-0.681313,-0.015279,0.001896,1.035117,1.253240
O_DH910_MID,DRIFT,70.258950,16.930306,11.349825,0.010223,-0.018037,1.769697,-0.757577,-0.015279,0.001896,1.040005,1.261239
O_DH910_END,DRIFT,70.808900,15.057628,12.225026,0.001821,-0.016994,1.635482,-0.833842,-0.015279,0.001896,1.045488,1.268672
D_DH910_BEG,DIPOLE,70.808900,15.057628,12.225026,0.001821,-0.016994,1.606353,-0.810193,-0.015275,0.001929,1.045488,1.268672
D_DH910_MID,DIPOLE,72.332900,10.678488,15.009189,-0.062793,-0.014055,1.264275,-1.016686,-0.069500,0.001929,1.064653,1.286616
D_DH910_END,DIPOLE,73.856900,7.365749,18.422746,-0.209910,-0.011115,0.907300,-1.223180,-0.123520,0.001929,1.092125,1.301223
O_DQ911_BEG,DRIFT,73.856900,7.365749,18.422746,-0.209910,-0.011115,0.893051,-1.187542,-0.123926,0.001950,1.092125,1.301223
O_DQ911_MID,DRIFT,74.065850,7.003199,18.924732,-0.235804,-0.010708,0.842054,-1.214879,-0.123926,0.001950,1.096756,1.303004
O_DQ911_END,DRIFT,74.274800,6.661960,19.438141,-0.261698,-0.010300,0.791056,-1.242216,-0.123926,0.001950,1.101625,1.304738
Q_DQ911_BEG,QUADRUPOLE,74.274800,6.661960,19.438141,-0.261698,-0.010300,0.791056,-1.242216,-0.123926,0.001950,1.101625,1.304738
Q_DQ911_MID,QUADRUPOLE,74.608200,6.332592,19.749627,-0.306716,-0.009515,0.205664,0.316309,-0.146730,0.002749,1.109835,1.307435
Q_DQ911_END,QUADRUPOLE,74.941600,6.382758,19.023811,-0.359976,-0.008475,-0.357475,1.841215,-0.173476,0.003474,1.118223,1.310160
O_DVT911_BEG,DRIFT,74.941600,6.382758,19.023811,-0.359976,-0.008475,-0.357475,1.841215,-0.173476,0.003474,1.118223,1.310160
O_DVT911_MID,DRIFT,75.094650,6.496321,18.465620,-0.386526,-0.007944,-0.384522,1.805896,-0.173476,0.003474,1.122006,1.311460
O_DVT911_END,DRIFT,75.247700,6.618163,17.918241,-0.413077,-0.007412,-0.411569,1.770577,-0.173476,0.003474,1.125722,1.312799
C_DVT911_BEG,TRIM,75.247700,6.618163,17.918241,-0.413077,-0.007412,-0.411569,1.770577,-0.173476,0.003474,1.125722,1.312799
C_DVT911_MID,TRIM,75.330250,6.687317,17.627492,-0.427397,-0.007125,-0.426158,1.751527,-0.173476,0.003474,1.127697,1.313538
C_DVT911_END,TRIM,75.412800,6.758880,17.339887,-0.441718,-0.006838,-0.440746,1.732477,-0.173476,0.003474,1.129651,1.314290
O_DH911_BEG,DRIFT,75.412800,6.758880,17.339887,-0.441718,-0.006838,-0.440746,1.732477,-0.173476,0.003474,1.129651,1.314290
O_DH911_MID,DRIFT,75.557650,6.890272,16.842830,-0.466846,-0.006335,-0.466344,1.699050,-0.173476,0.003474,1.133029,1.315639
O_DH911_END,DRIFT,75.702500,7.029080,16.355457,-0.491974,-0.005832,-0.491942,1.665624,-0.173476,0.003474,1.136342,1.317028
D_DH911_BEG,DIPOLE,75.702500,7.029080,16.355457,-0.491974,-0.005832,-0.505540,1.697263,-0.174428,0.003485,1.136342,1.317028
D_DH911_MID,DIPOLE,77.226500,8.960848,11.733286,-0.798291,-0.000521,-0.760788,1.335658,-0.227464,0.003485,1.167082,1.334573
D_DH911_END,DIPOLE,78.750500,11.657800,8.213285,-1.184945,0.004791,-1.007138,0.974054,-0.279831,0.003485,1.190893,1.359381
O_DQ912_BEG,DRIFT,78.750500,11.657800,8.213285,-1.184945,0.004791,-1.029690,0.989942,-0.282123,0.003476,1.190893,1.359381
O_DQ912_MID,DRIFT,79.045200,12.280052,7.650750,-1.268086,0.005815,-1.081785,0.918898,-0.282123,0.003476,1.194814,1.365300
O_DQ912_END,DRIFT,79.339900,12.933008,7.130088,-1.351228,0.006839,-1.133879,0.847854,-0.282123,0.003476,1.198537,1.371652
Q_DQ912_BEG,QUADRUPOLE,79.339900,12.933008,7.130088,-1.351228,0.006839,-1.133879,0.847854,-0.282123,0.003476,1.198537,1.371652
Q_DQ912_MID,QUADRUPOLE,79.551350,13.264526,6.864043,-1.402796,0.007616,-0.427778,0.415288,-0.205154,0.003879,1.201102,1.376472
Q_DQ912_END,QUADRUPOLE,79.762800,13.291981,6.776066,-1.437817,0.008483,0.298448,0.002414,-0.125765,0.004328,1.203632,1.381418
O_DH912_BEG,DRIFT,79.762800,13.291981,6.776066,-1.437817,0.008483,0.298448,0.002414,-0.125765,0.004328,1.203632,1.381418
O_DH912_MID,DRIFT,80.057750,13.123057,6.787481,-1.474912,0.009759,0.274271,-0.041115,-0.125765,0.004328,1.207187,1.388342
O_DH912_END,DRIFT,80.352700,12.968396,6.824573,-1.512006,0.011036,0.250093,-0.084644,-0.125765,0.004328,1.210786,1.395241
D_DH912_BEG,DIPOLE,80.352700,12.968396,6.824573,-1.512006,0.011036,0.209279,-0.063166,-0.130524,0.004293,1.210786,1.395241
D_DH912_MID,DIPOLE,81.876700,12.457460,7.358790,-1.759857,0.017579,0.125438,-0.287370,-0.194610,0.004293,1.229904,1.429737
D_DH912_END,DIPOLE,83.400700,12.206229,8.576382,-2.104704,0.024122,0.039136,-0.511575,-0.257764,0.004293,1.249615,1.460460
O_DQ913_BEG,DRIFT,83.400700,12.206229,8.576382,-2.104704,0.024122,0.000721,-0.484583,-0.264388,0.004217,1.249615,1.460460
O_DQ913_MID,DRIFT,83.695600,12.212938,8.874711,-2.182672,0.025366,-0.023469,-0.527043,-0.264388,0.004217,1.253461,1.465841
O_DQ913_END,DRIFT,83.990500,12.233913,9.198082,-2.260640,0.026610,-0.047658,-0.569503,-0.264388,0.004217,1.257303,1.471036
Q_DQ913_BEG,QUADRUPOLE,83.990500,12.233913,9.198082,-2.260640,0.026610,-0.047658,-0.569503,-0.264388,0.004217,1.257303,1.471036
Q_DQ913_MID,QUADRUPOLE,84.387400,11.447568,10.352501,-2.285841,0.029238,1.982516,-2.406513,0.138139,0.009105,1.262582,1.477587
Q_DQ913_END,QUADRUPOLE,84.784300,9.231044,13.199129,-2.152258,0.033921,3.471401,-4.931909,0.531070,0.014632,1.268660,1.483055
O_DQ914_BEG,DRIFT,84.784300,9.231044,13.199129,-2.152258,0.033921,3.471401,-4.931909,0.531070,0.014632,1.268660,1.483055
O_DQ914_MID,DRIFT,85.034250,7.584025,15.784454,-2.019517,0.037579,3.117994,-5.411461,0.531070,0.014632,1.273418,1.485811
O_DQ914_END,DRIFT,85.284200,6.113673,18.609507,-1.886776,0.041236,2.764588,-5.891013,0.531070,0.014632,1.279264,1.488133
Q_DQ914_BEG,QUADRUPOLE,85.284200,6.113673,18.609507,-1.886776,0.041236,2.764588,-5.891013,0.531070,0.014632,1.279264,1.488133
Q_DQ914_MID,QUADRUPOLE,85.681100,4.428415,22.316959,-1.730148,0.045769,1.565102,-3.264552,0.262081,0.008097,1.291545,1.491202
Q_DQ914_END,QUADRUPOLE,86.078000,3.529471,23.589745,-1.676673,0.047600,0.744425,0.121403,0.008717,0.001084,1.307721,1.493928
O_DHT914_BEG,DRIFT,86.078000,3.529471,23.589745,-1.676673,0.047600,0.744425,0.121403,0.008717,0.001084,1.307721,1.493928
O_DHT914_MID,DRIFT,86.402100,3.093225,23.515570,-1.673848,0.047951,0.601598,0.107461,0.008717,0.001084,1.323371,1.496118
O_DHT914_END,DRIFT,86.726200,2.749559,23.450433,-1.671023,0.048303,0.458771,0.093519,0.008717,0.001084,1.341113,1.498315
C_DHT914_BEG,TRIM,86.726200,2.749559,23.450433,-1.671023,0.048303,0.458771,0.093519,0.008717,0.001084,1.341113,1.498315
C_DHT914_MID,TRIM,86.808750,2.676819,23.435286,-1.670303,0.048392,0.422392,0.089968,0.008717,0.001084,1.345961,1.498875
C_DHT914_END,TRIM,86.891300,2.610086,23.420725,-1.669583,0.048482,0.386013,0.086417,0.008717,0.001084,1.350938,1.499436
O_DMW914_BEG,DRIFT,86.891300,2.610086,23.420725,-1.669583,0.048482,0.386013,0.086417,0.008717,0.001084,1.350938,1.499436
O_DMW914_MID,DRIFT,87.214800,2.406455,23.369315,-1.666764,0.048833,0.243450,0.072501,0.008717,0.001084,1.371562,1.501637
O_DMW914_END,DRIFT,87.538300,2.295062,23.326908,-1.663944,0.049183,0.100887,0.058586,0.008717,0.001084,1.393566,1.503842
P_DMW914_BEG,PROFILE,87.538300,2.295062,23.326908,-1.663944,0.049183,0.100887,0.058586,0.008717,0.001084,1.393566,1.503842
P_DMW914_MID,PROFILE,87.639900,2.279110,23.315448,-1.663058,0.049294,0.056113,0.054215,0.008717,0.001084,1.400647,1.504535
P_DMW914_END,PROFILE,87.741500,2.272257,23.304875,-1.662173,0.049404,0.011339,0.049845,0.008717,0.001084,1.407764,1.505229
O_DVT914_BEG,DRIFT,87.741500,2.272257,23.304875,-1.662173,0.049404,0.011339,0.049845,0.008717,0.001084,1.407764,1.505229
O_DVT914_MID,DRIFT,87.908550,2.280767,23.289423,-1.660716,0.049585,-0.062278,0.042659,0.008717,0.001084,1.419468,1.506370
O_DVT914_END,DRIFT,88.075600,2.313872,23.276371,-1.659260,0.049766,-0.135895,0.035473,0.008717,0.001084,1.431065,1.507512
C_DVT914_BEG,TRIM,88.075600,2.313872,23.276371,-1.659260,0.049766,-0.135895,0.035473,0.008717,0.001084,1.431065,1.507512
C_DVT914_MID,TRIM,88.158150,2.339311,23.270807,-1.658541,0.049855,-0.172274,0.031922,0.008717,0.001084,1.436720,1.508077
C_DVT914_END,TRIM,88.240700,2.370757,23.265830,-1.657821,0.049945,-0.208653,0.028371,0.008717,0.001084,1.442307,1.508641
O_DQ915_BEG,DRIFT,88.240700,2.370757,23.265830,-1.657821,0.049945,-0.208653,0.028371,0.008717,0.001084,1.442307,1.508641
O_DQ915_MID,DRIFT,88.384150,2.439688,23.258576,-1.656571,0.050100,-0.271870,0.022200,0.008717,0.001084,1.451816,1.509623
O_DQ915_END,DRIFT,88.527600,2.526755,23.253092,-1.655320,0.050256,-0.335087,0.016029,0.008717,0.001084,1.461027,1.510605
Q_DQ915_BEG,QUADRUPOLE,88.527600,2.526755,23.253092,-1.655320,0.050256,-0.335087,0.016029,0.008717,0.001084,1.461027,1.510605
Q_DQ915_MID,QUADRUPOLE,88.924500,3.026422,21.900320,-1.700975,0.049205,-0.948535,3.324916,-0.239903,-0.006356,1.484201,1.513377
Q_DQ915_END,QUADRUPOLE,89.321400,4.092678,18.179956,-1.847637,0.045260,-1.790633,5.863276,-0.502770,-0.013423,1.502383,1.516511
O_DQ916_BEG,DRIFT,89.321400,4.092678,18.179956,-1.847637,0.045260,-1.790633,5.863276,-0.502770,-0.013423,1.502383,1.516511
O_DQ916_MID,DRIFT,89.571400,5.052249,15.369942,-1.973329,0.041904,-2.047653,5.376779,-0.502770,-0.013423,1.511144,1.518892
O_DQ916_END,DRIFT,89.821400,6.140331,12.803177,-2.099022,0.038548,-2.304673,4.890281,-0.502770,-0.013423,1.518296,1.521728
Q_DQ916_BEG,QUADRUPOLE,89.821400,6.140331,12.803177,-2.099022,0.038548,-2.304673,4.890281,-0.502770,-0.013423,1.518296,1.521728
Q_DQ916_MID,QUADRUPOLE,90.218300,7.626266,9.965070,-2.223567,0.034509,-1.351831,2.425698,-0.121175,-0.007048,1.527431,1.527387
Q_DQ916_END,QUADRUPOLE,90.615200,8.188197,8.770766,-2.194097,0.032888,-0.030936,0.652941,0.268813,-0.001167,1.535341,1.534225
O_DH916_BEG,DRIFT,90.615200,8.188197,8.770766,-2.194097,0.032888,-0.030936,0.652941,0.268813,-0.001167,1.535341,1.534225
O_DH916_MID,DRIFT,90.910100,8.217088,8.399804,-2.114824,0.032544,-0.067030,0.604983,0.268813,-0.001167,1.541067,1.539694
O_DH916_END,DRIFT,91.205000,8.267266,8.057128,-2.035552,0.032200,-0.103124,0.557025,0.268813,-0.001167,1.546766,1.545400
D_DH916_BEG,DIPOLE,91.205000,8.267266,8.057128,-2.035552,0.032200,-0.129143,0.582382,0.262406,-0.001268,1.546766,1.545400
D_DH916_MID,DIPOLE,92.729000,8.905799,6.668064,-1.683801,0.030267,-0.289160,0.329077,0.199024,-0.001268,1.575173,1.578735
D_DH916_END,DIPOLE,94.253000,10.024302,6.051075,-1.429410,0.028335,-0.443585,0.075772,0.134689,-0.001268,1.600943,1.617296
O_DQ917_BEG,DRIFT,94.253000,10.024302,6.051075,-1.429410,0.028335,-0.475133,0.094816,0.130190,-0.001357,1.600943,1.617296
O_DQ917_MID,DRIFT,94.547900,10.315175,6.009654,-1.391017,0.027934,-0.511211,0.045642,0.130190,-0.001357,1.605560,1.625082
O_DQ917_END,DRIFT,94.842800,10.627327,5.997236,-1.352624,0.027534,-0.547289,-0.003532,0.130190,-0.001357,1.610044,1.632903
Q_DQ917_BEG,QUADRUPOLE,94.842800,10.627327,5.997236,-1.352624,0.027534,-0.547289,-0.003532,0.130190,-0.001357,1.610044,1.632903
Q_DQ917_MID,QUADRUPOLE,95.054250,10.738027,6.076973,-1.317210,0.027408,0.025815,-0.375042,0.204446,0.000168,1.613189,1.638490
Q_DQ917_END,QUADRUPOLE,95.265700,10.605663,6.316937,-1.266333,0.027605,0.597710,-0.764249,0.276302,0.001695,1.616337,1.643933
O_DH917_BEG,DRIFT,95.265700,10.605663,6.316937,-1.266333,0.027605,0.597710,-0.764249,0.276302,0.001695,1.616337,1.643933
O_DH917_MID,DRIFT,95.560400,10.264492,6.789164,-1.184907,0.028104,0.559979,-0.838150,0.276302,0.001695,1.620834,1.651098
O_DH917_END,DRIFT,95.855100,9.945560,7.304949,-1.103481,0.028604,0.522248,-0.912052,0.276302,0.001695,1.625477,1.657760
D_DH917_BEG,DIPOLE,95.855100,9.945560,7.304949,-1.103481,0.028604,0.503008,-0.897921,0.274167,0.001639,1.625477,1.657760
D_DH917_MID,DIPOLE,97.379100,8.678665,10.616108,-0.725574,0.031102,0.327482,-1.274756,0.221652,0.001639,1.651693,1.685443
D_DH917_END,DIPOLE,98.903100,7.953094,15.075861,-0.428218,0.033601,0.148156,-1.651591,0.168483,0.001639,1.681041,1.704662
O_DQ918_BEG,DRIFT,98.903100,7.953094,15.075861,-0.428218,0.033601,0.132770,-1.622427,0.167655,0.001574,1.681041,1.704662
O_DQ918_MID,DRIFT,99.283550,7.870594,16.345239,-0.364434,0.034200,0.084079,-1.714091,0.167655,0.001574,1.688698,1.708520
O_DQ918_END,DRIFT,99.664000,7.825143,17.684364,-0.300650,0.034799,0.035387,-1.805754,0.167655,0.001574,1.696416,1.712082
Q_DQ918_BEG,QUADRUPOLE,99.664000,7.825143,17.684364,-0.300650,0.034799,0.035387,-1.805754,0.167655,0.001574,1.696416,1.712082
Q_DQ918_MID,QUADRUPOLE,99.997400,8.031283,18.414242,-0.248616,0.034847,-0.659307,-0.363464,0.145194,-0.001287,1.703143,1.715009
Q_DQ918_END,QUADRUPOLE,100.330800,8.720502,18.160296,-0.203393,0.033945,-1.426734,1.118199,0.126710,-0.004113,1.709514,1.717898
O_DH918_BEG,DRIFT,100.330800,8.720502,18.160296,-0.203393,0.033945,-1.426734,1.118199,0.126710,-0.004113,1.709514,1.717898
O_DH918_MID,DRIFT,100.539750,9.331933,17.698411,-0.176917,0.033085,-1.499474,1.092306,0.126710,-0.004113,1.713201,1.719753
O_DH918_END,DRIFT,100.748700,9.973762,17.247347,-0.150441,0.032226,-1.572214,1.066413,0.126710,-0.004113,1.716648,1.721656
D_DH918_BEG,DIPOLE,100.748700,9.973762,17.247347,-0.150441,0.032226,-1.591508,1.099778,0.126419,-0.004175,1.716648,1.721656
D_DH918_MID,DIPOLE,102.272700,15.607762,14.192764,0.001005,0.025864,-2.101708,0.904541,0.072280,-0.004175,1.736128,1.737184
D_DH918_END,DIPOLE,103.796700,22.760614,11.733264,0.069760,0.019501,-2.587154,0.709304,0.017928,-0.004175,1.749005,1.756024
O_DQ919_BEG,DRIFT,103.796700,22.760614,11.733264,0.069760,0.019501,-2.631183,0.732002,0.018063,-0.004213,1.749005,1.756024
O_DQ919_MID,DRIFT,104.677050,27.663127,10.545874,0.085661,0.015793,-2.937640,0.616768,0.018063,-0.004213,1.754590,1.768633
O_DQ919_END,DRIFT,105.557400,33.105219,9.561378,0.101563,0.012084,-3.244096,0.501533,0.018063,-0.004213,1.759220,1.782604
Q_DQ919_BEG,QUADRUPOLE,105.557400,33.105219,9.561378,0.101563,0.012084,-3.244096,0.501533,0.018063,-0.004213,1.759220,1.782604
Q_DQ919_MID,QUADRUPOLE,105.768850,33.965019,9.502779,0.104582,0.011285,-0.800960,-0.222967,0.010454,-0.003352,1.760221,1.786144
Q_DQ919_END,QUADRUPOLE,105.980300,33.775652,9.751929,0.105973,0.010663,1.691863,-0.961442,0.002682,-0.002544,1.761212,1.789650
O_DHT919_BEG,DRIFT,105.980300,33.775652,9.751929,0.105973,0.010663,1.691863,-0.961442,0.002682,-0.002544,1.761212,1.789650
O_DHT919_MID,DRIFT,106.541500,31.912721,10.893201,0.107478,0.009235,1.627686,-1.072185,0.002682,-0.002544,1.763933,1.798320
O_DHT919_END,DRIFT,107.102700,30.121822,12.158771,0.108983,0.007807,1.563510,-1.182929,0.002682,-0.002544,1.766814,1.806084
C_DHT919_BEG,TRIM,107.102700,30.121822,12.158771,0.108983,0.007807,1.563510,-1.182929,0.002682,-0.002544,1.766814,1.806084
C_DHT919_MID,TRIM,107.185250,29.864465,12.355417,0.109205,0.007597,1.554070,-1.199219,0.002682,-0.002544,1.767252,1.807156
C_DHT919_END,TRIM,107.267800,29.608667,12.554753,0.109426,0.007387,1.544630,-1.215509,0.002682,-0.002544,1.767694,1.808211
O_DVT919_BEG,DRIFT,107.267800,29.608667,12.554753,0.109426,0.007387,1.544630,-1.215509,0.002682,-0.002544,1.767694,1.808211
O_DVT919_MID,DRIFT,107.629750,28.505491,13.460512,0.110397,0.006466,1.503240,-1.286934,0.002682,-0.002544,1.769677,1.812643
O_DVT919_END,DRIFT,107.991700,27.432277,14.417976,0.111368,0.005545,1.461849,-1.358359,0.002682,-0.002544,1.771737,1.816778
C_DVT919_BEG,TRIM,107.991700,27.432277,14.417976,0.111368,0.005545,1.461849,-1.358359,0.002682,-0.002544,1.771737,1.816778
C_DVT919_MID,TRIM,108.074250,27.191705,14.643586,0.111590,0.005335,1.452409,-1.374649,0.002682,-0.002544,1.772218,1.817683
C_DVT919_END,TRIM,108.156800,26.952692,14.871885,0.111811,0.005125,1.442969,-1.390938,0.002682,-0.002544,1.772703,1.818573
O_DMW919_BEG,DRIFT,108.156800,26.952692,14.871885,0.111811,0.005125,1.442969,-1.390938,0.002682,-0.002544,1.772703,1.818573
O_DMW919_MID,DRIFT,108.493000,25.995365,15.829457,0.112713,0.004270,1.404523,-1.457282,0.002682,-0.002544,1.774725,1.822061
O_DMW919_END,DRIFT,108.829200,25.063889,16.831638,0.113615,0.003414,1.366077,-1.523626,0.002682,-0.002544,1.776821,1.825339
P_DMW919_BEG,PROFILE,108.829200,25.063889,16.831638,0.113615,0.003414,1.366077,-1.523626,0.002682,-0.002544,1.776821,1.825339
P_DMW919_MID,PROFILE,108.930800,24.787483,17.143275,0.113887,0.003156,1.354458,-1.543675,0.002682,-0.002544,1.777470,1.826291
P_DMW919_END,PROFILE,109.032400,24.513438,17.458987,0.114160,0.002897,1.342840,-1.563724,0.002682,-0.002544,1.778126,1.827226
O_DQ920_BEG,DRIFT,109.032400,24.513438,17.458987,0.114160,0.002897,1.342840,-1.563724,0.002682,-0.002544,1.778126,1.827226
O_DQ920_MID,DRIFT,109.822300,22.463370,20.052483,0.116279,0.000887,1.252511,-1.719598,0.002682,-0.002544,1.783484,1.833947
O_DQ920_END,DRIFT,110.612200,20.556005,22.892228,0.118398,-0.001122,1.162182,-1.875471,0.002682,-0.002544,1.789336,1.839816
Q_DQ920_BEG,QUADRUPOLE,110.612200,20.556005,22.892228,0.118398,-0.001122,1.162182,-1.875471,0.002682,-0.002544,1.789336,1.839816
Q_DQ920_MID,QUADRUPOLE,110.823650,20.380329,23.338079,0.119872,-0.001650,-0.327138,-0.222320,0.011280,-0.002444,1.790985,1.841268
Q_DQ920_END,QUADRUPOLE,111.035100,20.835526,23.078356,0.123180,-0.002153,-1.836555,1.444351,0.020051,-0.002306,1.792622,1.842714
O_DQ921_BEG,DRIFT,111.035100,20.835526,23.078356,0.123180,-0.002153,-1.836555,1.444351,0.020051,-0.002306,1.792622,1.842714
O_DQ921_MID,DRIFT,113.450900,30.933900,16.880263,0.171619,-0.007725,-2.343582,1.121297,0.020051,-0.002306,1.807790,1.862244
O_DQ921_END,DRIFT,115.866700,43.482024,12.243038,0.220058,-0.013297,-2.850609,0.798243,0.020051,-0.002306,1.818281,1.889117
Q_DQ921_BEG,QUADRUPOLE,115.866700,43.482024,12.243038,0.220058,-0.013297,-2.850609,0.798243,0.020051,-0.002306,1.818281,1.889117
Q_DQ921_MID,QUADRUPOLE,116.078150,44.037251,12.092272,0.222642,-0.013885,0.237916,-0.081681,0.004362,-0.003267,1.819048,1.891890
Q_DQ921_END,QUADRUPOLE,116.289600,43.282798,12.312815,0.221898,-0.014682,3.312265,-0.966520,-0.011393,-0.004277,1.819817,1.894655
O_DVT921_BEG,DRIFT,116.289600,43.282798,12.312815,0.221898,-0.014682,3.312265,-0.966520,-0.011393,-0.004277,1.819817,1.894655
O_DVT921_MID,DRIFT,118.517650,29.896008,17.399533,0.196514,-0.024212,2.696033,-1.316516,-0.011393,-0.004277,1.829681,1.918976
O_DVT921_END,DRIFT,120.745700,19.255210,24.045868,0.171130,-0.033742,2.079801,-1.666512,-0.011393,-0.004277,1.844483,1.936347
C_DVT921_BEG,TRIM,120.745700,19.255210,24.045868,0.171130,-0.033742,2.079801,-1.666512,-0.011393,-0.004277,1.844483,1.936347
C_DVT921_MID,TRIM,120.828250,18.913720,24.322079,0.170189,-0.034095,2.056970,-1.679479,-0.011393,-0.004277,1.845171,1.936890
C_DVT921_END,TRIM,120.910800,18.575999,24.600432,0.169249,-0.034448,2.034138,-1.692447,-0.011393,-0.004277,1.845872,1.937428
O_DQ922_BEG,DRIFT,120.910800,18.575999,24.600432,0.169249,-0.034448,2.034138,-1.692447,-0.011393,-0.004277,1.845872,1.937428
O_DQ922_MID,DRIFT,121.054300,17.997897,25.089399,0.167614,-0.035062,1.994449,-1.714989,-0.011393,-0.004277,1.847121,1.938347
O_DQ922_END,DRIFT,121.197800,17.431185,25.584835,0.165979,-0.035675,1.954760,-1.737531,-0.011393,-0.004277,1.848411,1.939248
Q_DQ922_BEG,QUADRUPOLE,121.197800,17.431185,25.584835,0.165979,-0.035675,1.954760,-1.737531,-0.011393,-0.004277,1.848411,1.939248
Q_DQ922_MID,QUADRUPOLE,121.409250,16.878185,25.927221,0.164843,-0.036303,0.673924,0.126620,0.000635,-0.001653,1.850378,1.940552
Q_DQ922_END,QUADRUPOLE,121.620700,16.855312,25.478836,0.166248,-0.036373,-0.565195,1.983013,0.012673,0.000996,1.852378,1.941858
O_DMW922_BEG,DRIFT,121.620700,16.855312,25.478836,0.166248,-0.036373,-0.565195,1.983013,0.012673,0.000996,1.852378,1.941858
O_DMW922_MID,DRIFT,122.069650,17.378579,23.737308,0.171938,-0.035926,-0.600340,1.896102,0.012673,0.000996,1.856553,1.944763
O_DMW922_END,DRIFT,122.518600,17.933402,22.073816,0.177628,-0.035479,-0.635484,1.809192,0.012673,0.000996,1.860601,1.947885
P_DMW922_BEG,PROFILE,122.518600,17.933402,22.073816,0.177628,-0.035479,-0.635484,1.809192,0.012673,0.000996,1.860601,1.947885
P_DMW922_MID,PROFILE,122.620200,18.063341,21.708187,0.178915,-0.035378,-0.643438,1.789523,0.012673,0.000996,1.861500,1.948624
P_DMW922_END,PROFILE,122.721800,18.194895,21.346554,0.180203,-0.035276,-0.651391,1.769855,0.012673,0.000996,1.862392,1.949375
O_DQ923_BEG,DRIFT,122.721800,18.194895,21.346554,0.180203,-0.035276,-0.651391,1.769855,0.012673,0.000996,1.862392,1.949375
O_DQ923_MID,DRIFT,124.622900,20.954539,15.316868,0.204297,-0.033383,-0.800212,1.401828,0.012673,0.000996,1.877912,1.966139
O_DQ923_END,DRIFT,126.524000,24.280030,10.686493,0.228390,-0.031490,-0.949034,1.033801,0.012673,0.000996,1.891342,1.989876
Q_DQ923_BEG,QUADRUPOLE,126.524000,24.280030,10.686493,0.228390,-0.031490,-0.949034,1.033801,0.012673,0.000996,1.891342,1.989876
Q_DQ923_MID,QUADRUPOLE,126.735450,24.304143,10.420908,0.229285,-0.031525,0.835592,0.228735,-0.004220,-0.001324,1.892724,1.993074
Q_DQ923_END,QUADRUPOLE,126.946900,23.580609,10.491012,0.226610,-0.032052,2.568380,-0.561994,-0.021048,-0.003665,1.894126,1.996301
O_DQ924_BEG,DRIFT,126.946900,23.580609,10.491012,0.226610,-0.032052,2.568380,-0.561994,-0.021048,-0.003665,1.894126,1.996301
O_DQ924_MID,DRIFT,129.927350,11.132474,14.955175,0.163877,-0.042975,1.608216,-0.935821,-0.021048,-0.003665,1.923571,2.034538
O_DQ924_END,DRIFT,132.907800,4.407784,21.647685,0.101144,-0.053897,0.648051,-1.309648,-0.021048,-0.003665,1.993518,2.061024
Q_DQ924_BEG,QUADRUPOLE,132.907800,4.407784,21.647685,0.101144,-0.053897,0.648051,-1.309648,-0.021048,-0.003665,1.993518,2.061024
Q_DQ924_MID,QUADRUPOLE,133.119250,4.179207,22.046145,0.097059,-0.054474,0.435584,-0.570164,-0.017615,-0.001785,2.001372,2.062562
Q_DQ924_END,QUADRUPOLE,133.330700,4.037563,22.127577,0.093685,-0.054652,0.235919,0.185996,-0.014311,0.000107,2.009578,2.064084
O_DCOL924_BEG,DRIFT,133.330700,4.037563,22.127577,0.093685,-0.054652,0.235919,0.185996,-0.014311,0.000107,2.009578,2.064084
O_DCOL924_MID,DRIFT,133.472600,3.975874,22.075733,0.091655,-0.054636,0.198818,0.179361,-0.014311,0.000107,2.015216,2.065106
O_DCOL924_END,DRIFT,133.614500,3.924714,22.025772,0.089624,-0.054621,0.161716,0.172726,-0.014311,0.000107,2.020935,2.066130
W_DCOL924_BEG,COLLIMATOR,133.614500,3.924714,22.025772,0.089624,-0.054621,0.161716,0.172726,-0.014311,0.000107,2.020935,2.066130
W_DCOL924_MID,COLLIMATOR,134.147900,3.826586,21.854810,0.081990,-0.054564,0.022252,0.147786,-0.014311,0.000107,2.042910,2.070000
W_DCOL924_END,COLLIMATOR,134.681300,3.877238,21.710454,0.074357,-0.054507,-0.117213,0.122847,-0.014311,0.000107,2.065021,2.073897
O_DMW924_BEG,DRIFT,134.681300,3.877238,21.710454,0.074357,-0.054507,-0.117213,0.122847,-0.014311,0.000107,2.065021,2.073897
O_DMW924_MID,DRIFT,134.757500,3.896619,21.692004,0.073266,-0.054499,-0.137136,0.119284,-0.014311,0.000107,2.068142,2.074456
O_DMW924_END,DRIFT,134.833700,3.919037,21.674097,0.072176,-0.054491,-0.157060,0.115721,-0.014311,0.000107,2.071245,2.075016
P_DMW924_BEG,PROFILE,134.833700,3.919037,21.674097,0.072176,-0.054491,-0.157060,0.115721,-0.014311,0.000107,2.071245,2.075016
P_DMW924_MID,PROFILE,134.935300,3.953651,21.651065,0.070722,-0.054480,-0.183624,0.110970,-0.014311,0.000107,2.075354,2.075762
P_DMW924_END,PROFILE,135.036900,3.993662,21.628998,0.069268,-0.054469,-0.210189,0.106220,-0.014311,0.000107,2.079424,2.076509
O_DQ925_BEG,DRIFT,135.036900,3.993662,21.628998,0.069268,-0.054469,-0.210189,0.106220,-0.014311,0.000107,2.079424,2.076509
O_DQ925_MID,DRIFT,136.635450,5.333789,21.408882,0.046390,-0.054298,-0.628150,0.031477,-0.014311,0.000107,2.135715,2.088343
O_DQ925_END,DRIFT,138.234000,8.010182,21.427726,0.023513,-0.054127,-1.046112,-0.043265,-0.014311,0.000107,2.175037,2.100233
Q_DQ925_BEG,QUADRUPOLE,138.234000,8.010182,21.427726,0.023513,-0.054127,-1.046112,-0.043265,-0.014311,0.000107,2.175037,2.100233
Q_DQ925_MID,QUADRUPOLE,138.445450,8.494625,21.369982,0.020528,-0.054005,-1.247726,0.316018,-0.013931,0.001040,2.179120,2.101805
Q_DQ925_END,QUADRUPOLE,138.656900,9.068077,21.161087,0.017618,-0.053687,-1.467571,0.670695,-0.013602,0.001970,2.182957,2.103386
O_DQ926_BEG,DRIFT,138.656900,9.068077,21.161087,0.017618,-0.053687,-1.467571,0.670695,-0.013602,0.001970,2.182957,2.103386
O_DQ926_MID,DRIFT,139.926100,13.353600,19.568964,0.000354,-0.051187,-1.908985,0.583736,-0.013602,0.001970,2.201355,2.113319
O_DQ926_END,DRIFT,141.195300,18.759610,18.197576,-0.016910,-0.048687,-2.350399,0.496777,-0.013602,0.001970,2.214131,2.124032
Q_DQ926_BEG,QUADRUPOLE,141.195300,18.759610,18.197576,-0.016910,-0.048687,-2.350399,0.496777,-0.013602,0.001970,2.214131,2.124032
Q_DQ926_MID,QUADRUPOLE,141.406750,19.553867,18.192141,-0.019687,-0.048541,-1.391909,-0.470976,-0.012639,-0.000585,2.215885,2.125885
Q_DQ926_END,QUADRUPOLE,141.618200,19.928177,18.598888,-0.022245,-0.048935,-0.371728,-1.459759,-0.011535,-0.003146,2.217587,2.127718
O_DMW926_BEG,DRIFT,141.618200,19.928177,18.598888,-0.022245,-0.048935,-0.371728,-1.459759,-0.011535,-0.003146,2.217587,2.127718
O_DMW926_MID,DRIFT,141.797250,20.063124,19.127025,-0.024310,-0.049498,-0.381954,-1.489900,-0.011535,-0.003146,2.219012,2.129229
O_DMW926_END,DRIFT,141.976300,20.201733,19.665955,-0.026376,-0.050062,-0.392181,-1.520041,-0.011535,-0.003146,2.220427,2.130698
P_DMW926_BEG,PROFILE,141.976300,20.201733,19.665955,-0.026376,-0.050062,-0.392181,-1.520041,-0.011535,-0.003146,2.220427,2.130698
P_DMW926_MID,PROFILE,142.179500,20.363473,20.290650,-0.028720,-0.050701,-0.403787,-1.554248,-0.011535,-0.003146,2.222022,2.132317
P_DMW926_END,PROFILE,142.382700,20.529930,20.929247,-0.031064,-0.051340,-0.415392,-1.588454,-0.011535,-0.003146,2.223604,2.133886
O_DQ927_BEG,DRIFT,142.382700,20.529930,20.929247,-0.031064,-0.051340,-0.415392,-1.588454,-0.011535,-0.003146,2.223604,2.133886
O_DQ927_MID,DRIFT,144.051450,22.075352,26.699489,-0.050313,-0.056590,-0.510703,-1.869369,-0.011535,-0.003146,2.236092,2.145131
O_DQ927_END,DRIFT,145.720200,23.938872,33.407285,-0.069562,-0.061840,-0.606013,-2.150284,-0.011535,-0.003146,2.247656,2.154029
Q_DQ927_BEG,QUADRUPOLE,145.720200,23.938872,33.407285,-0.069562,-0.061840,-0.606013,-2.150284,-0.011535,-0.003146,2.247656,2.154029
Q_DQ927_MID,QUADRUPOLE,145.931650,24.278792,34.210025,-0.072120,-0.062401,-1.003354,-1.641827,-0.012660,-0.002159,2.249053,2.155023
Q_DQ927_END,QUADRUPOLE,146.143100,24.789411,34.792834,-0.074920,-0.062753,-1.414192,-1.111334,-0.013828,-0.001164,2.250425,2.155998
O_DHT927_BEG,DRIFT,146.143100,24.789411,34.792834,-0.074920,-0.062753,-1.414192,-1.111334,-0.013828,-0.001164,2.250425,2.155998
O_DHT927_MID,DRIFT,146.793200,26.679289,36.264940,-0.083909,-0.063510,-1.492865,-1.153096,-0.013828,-0.001164,2.254449,2.158911
O_DHT927_END,DRIFT,147.443300,28.671458,37.791345,-0.092899,-0.064267,-1.571539,-1.194858,-0.013828,-0.001164,2.258190,2.161706
C_DHT927_BEG,TRIM,147.443300,28.671458,37.791345,-0.092899,-0.064267,-1.571539,-1.194858,-0.013828,-0.001164,2.258190,2.161706
C_DHT927_MID,TRIM,147.525850,28.931744,37.989054,-0.094040,-0.064363,-1.581529,-1.200161,-0.013828,-0.001164,2.258647,2.162053
C_DHT927_END,TRIM,147.608400,29.193679,38.187638,-0.095182,-0.064459,-1.591519,-1.205464,-0.013828,-0.001164,2.259099,2.162398
O_DMW927_BEG,DRIFT,147.608400,29.193679,38.187638,-0.095182,-0.064459,-1.591519,-1.205464,-0.013828,-0.001164,2.259099,2.162398
O_DMW927_MID,DRIFT,147.841750,29.943030,38.753726,-0.098408,-0.064731,-1.619758,-1.220454,-0.013828,-0.001164,2.260355,2.163364
O_DMW927_END,DRIFT,148.075100,30.705561,39.326810,-0.101635,-0.065002,-1.647998,-1.235445,-0.013828,-0.001164,2.261580,2.164315
P_DMW927_BEG,PROFILE,148.075100,30.705561,39.326810,-0.101635,-0.065002,-1.647998,-1.235445,-0.013828,-0.001164,2.261580,2.164315
P_DMW927_MID,PROFILE,148.278300,31.380304,39.831547,-0.104445,-0.065239,-1.672589,-1.248498,-0.013828,-0.001164,2.262622,2.165132
P_DMW927_END,PROFILE,148.481500,32.065041,40.341590,-0.107255,-0.065476,-1.697179,-1.261552,-0.013828,-0.001164,2.263641,2.165939
O_DVT927_BEG,DRIFT,148.481500,32.065041,40.341590,-0.107255,-0.065476,-1.697179,-1.261552,-0.013828,-0.001164,2.263641,2.165939
O_DVT927_MID,DRIFT,151.045500,41.563758,47.233143,-0.142710,-0.068461,-2.007468,-1.426262,-0.013828,-0.001164,2.274828,2.175293
O_DVT927_END,DRIFT,153.609500,52.653638,54.969331,-0.178165,-0.071447,-2.317757,-1.590972,-0.013828,-0.001164,2.283556,2.183305
C_DVT927_BEG,TRIM,153.609500,52.653638,54.969331,-0.178165,-0.071447,-2.317757,-1.590972,-0.013828,-0.001164,2.283556,2.183305
C_DVT927_MID,TRIM,153.692050,53.037124,55.232438,-0.179306,-0.071543,-2.327747,-1.596275,-0.013828,-0.001164,2.283805,2.183543
C_DVT927_END,TRIM,153.774600,53.422260,55.496421,-0.180448,-0.071639,-2.337737,-1.601578,-0.013828,-0.001164,2.284051,2.183780
O_DQ928_BEG,DRIFT,153.774600,53.422260,55.496421,-0.180448,-0.071639,-2.337737,-1.601578,-0.013828,-0.001164,2.284051,2.183780
O_DQ928_MID,DRIFT,154.124950,55.075167,56.626532,-0.185292,-0.072047,-2.380136,-1.624084,-0.013828,-0.001164,2.285079,2.184775
O_DQ928_END,DRIFT,154.475300,56.757782,57.772413,-0.190137,-0.072455,-2.422534,-1.646591,-0.013828,-0.001164,2.286077,2.185750
Q_DQ928_BEG,QUADRUPOLE,154.475300,56.757782,57.772413,-0.190137,-0.072455,-2.422534,-1.646591,-0.013828,-0.001164,2.286077,2.185750
Q_DQ928_MID,QUADRUPOLE,154.778200,59.409100,57.604727,-0.196261,-0.072077,-6.389361,2.196463,-0.026674,0.003657,2.286910,2.186583
Q_DQ928_END,QUADRUPOLE,155.081100,64.603669,55.146826,-0.206350,-0.070247,-10.875260,5.863460,-0.040059,0.008404,2.287691,2.187435
O_DHT928_BEG,DRIFT,155.081100,64.603669,55.146826,-0.206350,-0.070247,-10.875260,5.863460,-0.040059,0.008404,2.287691,2.187435
O_DHT928_MID,DRIFT,157.296250,121.843431,32.318019,-0.295087,-0.051630,-14.964869,4.442301,-0.040059,0.008404,2.291665,2.195790
O_DHT928_END,DRIFT,159.511400,197.201390,15.785371,-0.383824,-0.033014,-19.054479,3.021142,-0.040059,0.008404,2.293939,2.211424
C_DHT928_BEG,TRIM,159.511400,197.201390,15.785371,-0.383824,-0.033014,-19.054479,3.021142,-0.040059,0.008404,2.293939,2.211424
C_DHT928_MID,TRIM,159.744750,206.194645,14.410339,-0.393172,-0.031052,-19.485290,2.871434,-0.040059,0.008404,2.294123,2.213887
C_DHT928_END,TRIM,159.978100,215.388959,13.105175,-0.402519,-0.029091,-19.916100,2.721725,-0.040059,0.008404,2.294300,2.216590
O_DQ929_BEG,DRIFT,159.978100,215.388959,13.105175,-0.402519,-0.029091,-19.916100,2.721725,-0.040059,0.008404,2.294300,2.216590
O_DQ929_MID,DRIFT,160.297450,228.297656,11.432239,-0.415312,-0.026407,-20.505684,2.516842,-0.040059,0.008404,2.294529,2.220743
O_DQ929_END,DRIFT,160.616800,241.582920,9.890162,-0.428105,-0.023723,-21.095268,2.311958,-0.040059,0.008404,2.294745,2.225523
Q_DQ929_BEG,QUADRUPOLE,160.616800,241.582920,9.890162,-0.428105,-0.023723,-21.095268,2.311958,-0.040059,0.008404,2.294745,2.225523
Q_DQ929_MID,QUADRUPOLE,160.828250,248.333159,9.025821,-0.434610,-0.022052,-10.731082,1.788159,-0.021419,0.007417,2.294882,2.229091
Q_DQ929_END,QUADRUPOLE,161.039700,250.604123,8.368514,-0.437149,-0.020582,0.023829,1.329865,-0.002583,0.006497,2.295017,2.232970
O_DAC929A_BEG,DRIFT,161.039700,250.604123,8.368514,-0.437149,-0.020582,0.023829,1.329865,-0.002583,0.006497,2.295017,2.232970
O_DAC929A_MID,DRIFT,161.425200,250.586345,7.392353,-0.438145,-0.018077,0.022289,1.202330,-0.002583,0.006497,2.295262,2.240773
O_DAC929A_END,DRIFT,161.810700,250.569753,6.514521,-0.439141,-0.015573,0.020750,1.074795,-0.002583,0.006497,2.295507,2.249619
D_DAC929A_BEG,DIPOLE,161.810700,250.569753,6.514521,-0.439141,-0.015573,0.020750,1.074795,-0.002583,0.006497,2.295507,2.249619
D_DAC929A_MID,DIPOLE,162.330900,250.549245,5.485830,-0.440485,-0.012193,0.018673,0.902697,-0.002583,0.006497,2.295837,2.263486
D_DAC929A_END,DIPOLE,162.851100,250.530898,4.636189,-0.441829,-0.008813,0.016596,0.730600,-0.002583,0.006497,2.296168,2.279933
O_DAC929B_BEG,DRIFT,162.851100,250.530898,4.636189,-0.441829,-0.008813,0.016596,0.730600,-0.002583,0.006497,2.296168,2.279933
O_DAC929B_MID,DRIFT,162.863800,250.530477,4.617685,-0.441861,-0.008731,0.016546,0.726398,-0.002583,0.006497,2.296176,2.280369
O_DAC929B_END,DRIFT,162.876500,250.530057,4.599288,-0.441894,-0.008648,0.016495,0.722197,-0.002583,0.006497,2.296184,2.280808
D_DAC929B_BEG,DIPOLE,162.876500,250.530057,4.599288,-0.441894,-0.008648,0.016495,0.722197,-0.002583,0.006497,2.296184,2.280808
D_DAC929B_MID,DIPOLE,163.396700,250.513976,3.937439,-0.443238,-0.005269,0.014418,0.550099,-0.002583,0.006497,2.296514,2.300312
D_DAC929B_END,DIPOLE,163.916900,250.500056,3.454642,-0.444582,-0.001889,0.012341,0.378001,-0.002583,0.006497,2.296845,2.322836
O_DAC929C_BEG,DRIFT,163.916900,250.500056,3.454642,-0.444582,-0.001889,0.012341,0.378001,-0.002583,0.006497,2.296845,2.322836
O_DAC929C_MID,DRIFT,163.929600,250.499744,3.445094,-0.444615,-0.001806,0.012290,0.373800,-0.002583,0.006497,2.296853,2.323422
O_DAC929C_END,DRIFT,163.942300,250.499432,3.435653,-0.444647,-0.001724,0.012239,0.369598,-0.002583,0.006497,2.296861,2.324009
D_DAC929C_BEG,DIPOLE,163.942300,250.499432,3.435653,-0.444647,-0.001724,0.012239,0.369598,-0.002583,0.006497,2.296861,2.324009
D_DAC929C_MID,DIPOLE,164.462500,250.487779,3.140648,-0.445991,0.001656,0.010162,0.197501,-0.002583,0.006497,2.297191,2.349321
D_DAC929C_END,DIPOLE,164.982700,250.478286,3.024693,-0.447335,0.005036,0.008085,0.025403,-0.002583,0.006497,2.297522,2.376312
O_DAC929D_BEG,DRIFT,164.982700,250.478286,3.024693,-0.447335,0.005036,0.008085,0.025403,-0.002583,0.006497,2.297522,2.376312
O_DAC929D_MID,DRIFT,165.058900,250.477077,3.022743,-0.447532,0.005531,0.007781,0.000194,-0.002583,0.006497,2.297570,2.380324
O_DAC929D_END,DRIFT,165.135100,250.475914,3.024634,-0.447729,0.006026,0.007477,-0.025015,-0.002583,0.006497,2.297619,2.384335
D_DAC929D_BEG,DIPOLE,165.135100,250.475914,3.024634,-0.447729,0.006026,0.007477,-0.025015,-0.002583,0.006497,2.297619,2.384335
D_DAC929D_MID,DIPOLE,165.655300,250.469216,3.140185,-0.449073,0.009406,0.005400,-0.197113,-0.002583,0.006497,2.297949,2.411329
D_DAC929D_END,DIPOLE,166.175500,250.464678,3.434787,-0.450416,0.012785,0.003323,-0.369211,-0.002583,0.006497,2.298280,2.436645
O_DAC929E_BEG,DRIFT,166.175500,250.464678,3.434787,-0.450416,0.012785,0.003323,-0.369211,-0.002583,0.006497,2.298280,2.436645
O_DAC929E_MID,DRIFT,166.188200,250.464594,3.444218,-0.450449,0.012868,0.003272,-0.373412,-0.002583,0.006497,2.298288,2.437233
O_DAC929E_END,DRIFT,166.200900,250.464512,3.453756,-0.450482,0.012951,0.003222,-0.377614,-0.002583,0.006497,2.298296,2.437819
D_DAC929E_BEG,DIPOLE,166.200900,250.464512,3.453756,-0.450482,0.012951,0.003222,-0.377614,-0.002583,0.006497,2.298296,2.437819
D_DAC929E_MID,DIPOLE,166.721100,250.462241,3.936150,-0.451826,0.016330,0.001145,-0.549711,-0.002583,0.006497,2.298627,2.460349
D_DAC929E_END,DIPOLE,167.241300,250.462130,4.597595,-0.453170,0.019710,-0.000932,-0.721809,-0.002583,0.006497,2.298957,2.479860
O_DAC929F_BEG,DRIFT,167.241300,250.462130,4.597595,-0.453170,0.019710,-0.000932,-0.721809,-0.002583,0.006497,2.298957,2.479860
O_DAC929F_MID,DRIFT,167.254000,250.462155,4.615983,-0.453203,0.019793,-0.000983,-0.726010,-0.002583,0.006497,2.298965,2.480298
O_DAC929F_END,DRIFT,167.266700,250.462180,4.634477,-0.453235,0.019875,-0.001034,-0.730212,-0.002583,0.006497,2.298973,2.480735
D_DAC929F_BEG,DIPOLE,167.266700,250.462180,4.634477,-0.453235,0.019875,-0.001034,-0.730212,-0.002583,0.006497,2.298973,2.480735
D_DAC929F_MID,DIPOLE,167.786900,250.464336,5.483714,-0.454579,0.023255,-0.003111,-0.902310,-0.002583,0.006497,2.299304,2.497188
D_DAC929F_END,DIPOLE,168.307100,250.468653,6.512003,-0.455923,0.026635,-0.005188,-1.074407,-0.002583,0.006497,2.299634,2.511060
O_DQ930_BEG,DRIFT,168.307100,250.468653,6.512003,-0.455923,0.026635,-0.005188,-1.074407,-0.002583,0.006497,2.299634,2.511060
O_DQ930_MID,DRIFT,168.692600,250.473246,7.389535,-0.456919,0.029139,-0.006727,-1.201942,-0.002583,0.006497,2.299879,2.519909
O_DQ930_END,DRIFT,169.078100,250.479026,8.365397,-0.457915,0.031644,-0.008266,-1.329477,-0.002583,0.006497,2.300124,2.527716
Q_DQ930_BEG,QUADRUPOLE,169.078100,250.479026,8.365397,-0.457915,0.031644,-0.008266,-1.329477,-0.002583,0.006497,2.300124,2.527716
Q_DQ930_MID,QUADRUPOLE,169.289550,247.862870,9.034529,-0.456059,0.033186,12.337408,-1.846076,0.020120,0.008105,2.300259,2.531594
Q_DQ930_END,QUADRUPOLE,169.501000,240.116910,9.937757,-0.449421,0.035077,24.166925,-2.440452,0.042613,0.009797,2.300397,2.535152
O_DHT930_BEG,DRIFT,169.501000,240.116910,9.937757,-0.449421,0.035077,24.166925,-2.440452,0.042613,0.009797,2.300397,2.535152
O_DHT930_MID,DRIFT,169.820350,224.929978,11.567857,-0.435813,0.038206,23.388835,-2.663977,0.042613,0.009797,2.300616,2.539893
O_DHT930_END,DRIFT,170.139700,210.240012,13.340722,-0.422204,0.041335,22.610745,-2.887502,0.042613,0.009797,2.300849,2.543985
C_DHT930_BEG,TRIM,170.139700,210.240012,13.340722,-0.422204,0.041335,22.610745,-2.887502,0.042613,0.009797,2.300849,2.543985
C_DHT930_MID,TRIM,170.373050,199.820249,14.726432,-0.412261,0.043621,22.042192,-3.050833,0.042613,0.009797,2.301031,2.546635
C_DHT930_END,TRIM,170.606400,189.665830,16.188369,-0.402317,0.045907,21.473639,-3.214164,0.042613,0.009797,2.301221,2.549040
O_DVT930_BEG,DRIFT,170.606400,189.665830,16.188369,-0.402317,0.045907,21.473639,-3.214164,0.042613,0.009797,2.301221,2.549040
O_DVT930_MID,DRIFT,170.817550,180.706141,17.576917,-0.393319,0.047976,20.959176,-3.361956,0.042613,0.009797,2.301403,2.551033
O_DVT930_END,DRIFT,171.028700,171.963709,19.027877,-0.384321,0.050045,20.444713,-3.509748,0.042613,0.009797,2.301593,2.552870
C_DVT930_BEG,TRIM,171.028700,171.963709,19.027877,-0.384321,0.050045,20.444713,-3.509748,0.042613,0.009797,2.301593,2.552870
C_DVT930_MID,TRIM,171.262050,162.554833,20.703990,-0.374378,0.052331,19.876160,-3.673078,0.042613,0.009797,2.301816,2.554741
C_DVT930_END,TRIM,171.495400,153.411301,22.456328,-0.364434,0.054617,19.307608,-3.836409,0.042613,0.009797,2.302051,2.556464
O_DMW930_BEG,DRIFT,171.495400,153.411301,22.456328,-0.364434,0.054617,19.307608,-3.836409,0.042613,0.009797,2.302051,2.556464
O_DMW930_MID,DRIFT,171.717650,144.949420,24.196186,-0.354963,0.056795,18.766100,-3.991970,0.042613,0.009797,2.302288,2.557981
O_DMW930_END,DRIFT,171.939900,136.728239,26.005190,-0.345493,0.058972,18.224592,-4.147532,0.042613,0.009797,2.302539,2.559391
P_DMW930_BEG,PROFILE,171.939900,136.728239,26.005190,-0.345493,0.058972,18.224592,-4.147532,0.042613,0.009797,2.302539,2.559391
P_DMW930_MID,PROFILE,172.143100,129.422367,27.719647,-0.336834,0.060963,17.729499,-4.289759,0.042613,0.009797,2.302782,2.560596
P_DMW930_END,PROFILE,172.346300,122.317702,29.491906,-0.328175,0.062954,17.234406,-4.431987,0.042613,0.009797,2.303039,2.561727
O_DQ931_BEG,DRIFT,172.346300,122.317702,29.491906,-0.328175,0.062954,17.234406,-4.431987,0.042613,0.009797,2.303039,2.561727
O_DQ931_MID,DRIFT,173.200000,94.667394,37.569198,-0.291796,0.071318,15.154382,-5.029524,0.042613,0.009797,2.304302,2.565809
O_DQ931_END,DRIFT,174.053700,70.568518,46.666725,-0.255418,0.079682,13.074358,-5.627061,0.042613,0.009797,2.305964,2.569055
Q_DQ931_BEG,QUADRUPOLE,174.053700,70.568518,46.666725,-0.255418,0.079682,13.074358,-5.627061,0.042613,0.009797,2.305964,2.569055
Q_DQ931_MID,QUADRUPOLE,174.265150,66.006312,48.464156,-0.248020,0.081241,8.593193,-2.837237,0.027432,0.004934,2.306459,2.569761
Q_DQ931_END,QUADRUPOLE,174.476600,63.238381,49.046089,-0.243792,0.081764,4.552700,0.096852,0.012601,0.000009,2.306981,2.570450
O_DCOL931_BEG,DRIFT,174.476600,63.238381,49.046089,-0.243792,0.081764,4.552700,0.096852,0.012601,0.000009,2.306981,2.570450
O_DCOL931_MID,DRIFT,181.077200,18.106105,48.664180,-0.160616,0.081821,2.284902,-0.038992,0.012601,0.000009,2.338227,2.592018
O_DCOL931_END,DRIFT,187.677800,2.911474,50.075571,-0.077439,0.081878,0.017105,-0.174836,0.012601,0.000009,2.519846,2.613363
W_DCOL931_BEG,COLLIMATOR,187.677800,2.911474,50.075571,-0.077439,0.081878,0.017105,-0.174836,0.012601,0.000009,2.519846,2.613363
W_DCOL931_MID,COLLIMATOR,188.211200,2.990979,50.267941,-0.070718,0.081883,-0.166158,-0.185813,0.012601,0.000009,2.548773,2.615055
W_DCOL931_END,COLLIMATOR,188.744600,3.265988,50.472022,-0.063996,0.081888,-0.349420,-0.196791,0.012601,0.000009,2.576069,2.616741
O_DQ932_BEG,DRIFT,188.744600,3.265988,50.472022,-0.063996,0.081888,-0.349420,-0.196791,0.012601,0.000009,2.576069,2.616741
O_DQ932_MID,DRIFT,189.487500,3.974775,50.775772,-0.054634,0.081894,-0.604662,-0.212080,0.012601,0.000009,2.609122,2.619076
O_DQ932_END,DRIFT,190.230400,5.062800,51.102240,-0.045273,0.081900,-0.859903,-0.227369,0.012601,0.000009,2.635601,2.621397
Q_DQ932_BEG,QUADRUPOLE,190.230400,5.062800,51.102240,-0.045273,0.081900,-0.859903,-0.227369,0.012601,0.000009,2.635601,2.621397
Q_DQ932_MID,QUADRUPOLE,190.441850,5.481836,50.815611,-0.042775,0.081595,-1.126785,1.579509,0.011037,-0.002900,2.641999,2.622057
Q_DQ932_END,QUADRUPOLE,190.653300,6.020618,49.772977,-0.040599,0.080676,-1.427636,3.339007,0.009556,-0.005786,2.647866,2.622725
O_DMW932_BEG,DRIFT,190.653300,6.020618,49.772977,-0.040599,0.080676,-1.427636,3.339007,0.009556,-0.005786,2.647866,2.622725
O_DMW932_MID,DRIFT,192.560250,13.300528,37.925953,-0.022377,0.069642,-2.389932,2.873544,0.009556,-0.005786,2.682044,2.629713
O_DMW932_END,DRIFT,194.467200,24.250538,27.854160,-0.004154,0.058608,-3.352228,2.408080,0.009556,-0.005786,2.698976,2.639056
P_DMW932_BEG,PROFILE,194.467200,24.250538,27.854160,-0.004154,0.058608,-3.352228,2.408080,0.009556,-0.005786,2.698976,2.639056
P_DMW932_MID,PROFILE,194.670400,25.633719,26.885594,-0.002212,0.057432,-3.454767,2.358482,0.009556,-0.005786,2.700273,2.640238
P_DMW932_END,PROFILE,194.873600,27.058573,25.937186,-0.000271,0.056257,-3.557307,2.308883,0.009556,-0.005786,2.701501,2.641463
O_DQ933_BEG,DRIFT,194.873600,27.058573,25.937186,-0.000271,0.056257,-3.557307,2.308883,0.009556,-0.005786,2.701501,2.641463
O_DQ933_MID,DRIFT,196.130650,36.799396,20.518125,0.011742,0.048983,-4.191647,2.002052,0.009556,-0.005786,2.707843,2.650140
O_DQ933_END,DRIFT,197.387700,48.135013,15.870467,0.023754,0.041710,-4.825987,1.695222,0.009556,-0.005786,2.712597,2.661236
Q_DQ933_BEG,QUADRUPOLE,197.387700,48.135013,15.870467,0.023754,0.041710,-4.825987,1.695222,0.009556,-0.005786,2.712597,2.661236
Q_DQ933_MID,QUADRUPOLE,197.690600,49.599589,15.331737,0.026274,0.040583,0.039818,0.101306,0.007043,-0.001674,2.713579,2.664342
Q_DQ933_END,QUADRUPOLE,197.993500,48.087740,15.745225,0.027999,0.040690,4.900838,-1.480186,0.004318,0.002387,2.714561,2.667461
O_DVT933_BEG,DRIFT,197.993500,48.087740,15.745225,0.027999,0.040690,4.900838,-1.480186,0.004318,0.002387,2.714561,2.667461
O_DVT933_MID,DRIFT,198.186950,46.211075,16.325494,0.028834,0.041152,4.800194,-1.519391,0.004318,0.002387,2.715214,2.669381
O_DVT933_END,DRIFT,198.380400,44.373350,16.920930,0.029670,0.041614,4.699549,-1.558596,0.004318,0.002387,2.715894,2.671234
C_DVT933_BEG,TRIM,198.380400,44.373350,16.920930,0.029670,0.041614,4.699549,-1.558596,0.004318,0.002387,2.715894,2.671234
C_DVT933_MID,TRIM,198.462950,43.601000,17.179636,0.030026,0.041811,4.656601,-1.575326,0.004318,0.002387,2.716193,2.672004
C_DVT933_END,TRIM,198.545500,42.835740,17.441103,0.030383,0.042008,4.613654,-1.592056,0.004318,0.002387,2.716497,2.672763
O_DIC933_BEG,DRIFT,198.545500,42.835740,17.441103,0.030383,0.042008,4.613654,-1.592056,0.004318,0.002387,2.716497,2.672763
O_DIC933_MID,DRIFT,198.938150,39.292849,18.722590,0.032078,0.042945,4.409373,-1.671631,0.004318,0.002387,2.718020,2.676222
O_DIC933_END,DRIFT,199.330800,35.910379,20.066567,0.033773,0.043882,4.205092,-1.751207,0.004318,0.002387,2.719684,2.679446
W_DIC933_BEG,INTENSITY,199.330800,35.910379,20.066567,0.033773,0.043882,4.205092,-1.751207,0.004318,0.002387,2.719684,2.679446
W_DIC933_MID,INTENSITY,199.432400,35.061275,20.424504,0.034212,0.044125,4.152233,-1.771797,0.004318,0.002387,2.720139,2.680245
W_DIC933_END,INTENSITY,199.534000,34.222912,20.786625,0.034651,0.044368,4.099375,-1.792388,0.004318,0.002387,2.720606,2.681030
O_DHDA01_BEG,DRIFT,199.534000,34.222912,20.786625,0.034651,0.044368,4.099375,-1.792388,0.004318,0.002387,2.720606,2.681030
O_DHDA01_MID,DRIFT,200.129000,29.528842,22.991314,0.037220,0.045788,3.789819,-1.912972,0.004318,0.002387,2.723585,2.685362
O_DHDA01_END,DRIFT,200.724000,25.203144,25.339498,0.039789,0.047208,3.480263,-2.033556,0.004318,0.002387,2.727057,2.689286
D_DHDA01_BEG,DIPOLE,200.724000,25.203144,25.339498,0.039789,0.047208,3.417204,-1.970156,0.004417,0.002269,2.727057,2.689286
D_DHDA01_MID,DIPOLE,201.486000,20.245828,28.453874,0.026488,0.048937,3.084327,-2.116951,-0.039323,0.002269,2.732425,2.693803
D_DHDA01_END,DIPOLE,202.248000,15.814053,31.791966,-0.020120,0.050666,2.727955,-2.263747,-0.082987,0.002269,2.739203,2.697836
O_DQDA01_BEG,DRIFT,202.248000,15.814053,31.791966,-0.020120,0.050666,2.688388,-2.184203,-0.083038,0.002142,2.739203,2.697836
O_DQDA01_MID,DRIFT,206.360500,2.501191,52.826956,-0.361613,0.059475,0.548782,-2.930688,-0.083038,0.002142,2.852642,2.713834
O_DQDA01_END,DRIFT,210.473000,6.786594,80.001788,-0.703106,0.068284,-1.590825,-3.677174,-0.083038,0.002142,3.093206,2.723909
Q_DQDA01_BEG,QUADRUPOLE,210.473000,6.786594,80.001788,-0.703106,0.068284,-1.590825,-3.677174,-0.083038,0.002142,3.093206,2.723909
Q_DQDA01_MID,QUADRUPOLE,211.997000,14.526545,78.750808,-0.887973,0.066257,-3.746852,4.455299,-0.162687,-0.004769,3.118375,2.726887
Q_DQDA01_END,QUADRUPOLE,213.521000,32.054468,55.555256,-1.211846,0.054121,-8.340871,9.972627,-0.267804,-0.010952,3.129918,2.730460
O_DQDA02_BEG,DRIFT,213.521000,32.054468,55.555256,-1.211846,0.054121,-8.340871,9.972627,-0.267804,-0.010952,3.129918,2.730460
O_DQDA02_MID,DRIFT,214.767700,56.273416,33.499875,-1.545717,0.040467,-11.085573,7.718382,-0.267804,-0.010952,3.134591,2.735060
O_DQDA02_END,DRIFT,216.014400,87.336004,17.065227,-1.879588,0.026813,-13.830275,5.464138,-0.267804,-0.010952,3.137422,2.743363
Q_DQDA02_BEG,QUADRUPOLE,216.014400,87.336004,17.065227,-1.879588,0.026813,-13.830275,5.464138,-0.267804,-0.010952,3.137422,2.743363
Q_DQDA02_MID,QUADRUPOLE,217.538400,106.184086,6.804811,-2.028752,0.012979,2.564345,1.847458,0.076351,-0.007598,3.139832,2.766955
Q_DQDA02_END,QUADRUPOLE,219.062400,74.299311,3.726165,-1.656917,0.002627,16.493913,0.346392,0.400899,-0.006283,3.142445,2.818138
O_DMWDA1_BEG,DRIFT,219.062400,74.299311,3.726165,-1.656917,0.002627,16.493913,0.346392,0.400899,-0.006283,3.142445,2.818138
O_DMWDA1_MID,DRIFT,219.383400,64.088893,3.534752,-1.528229,0.000610,15.314241,0.249907,0.400899,-0.006283,3.143185,2.832234
O_DMWDA1_END,DRIFT,219.704400,54.635825,3.405284,-1.399540,-0.001407,14.134569,0.153422,0.400899,-0.006283,3.144049,2.846980
P_DMWDA1_BEG,PROFILE,219.704400,54.635825,3.405284,-1.399540,-0.001407,14.134569,0.153422,0.400899,-0.006283,3.144049,2.846980
P_DMWDA1_MID,PROFILE,219.907600,49.043277,3.355344,-1.318078,-0.002683,13.387811,0.092344,0.400899,-0.006283,3.144673,2.856554
P_DMWDA1_END,PROFILE,220.110800,43.754212,3.330226,-1.236615,-0.003960,12.641053,0.031267,0.400899,-0.006283,3.145372,2.866234
O_DPWCDA1_BEG,DRIFT,220.110800,43.754212,3.330226,-1.236615,-0.003960,12.641053,0.031267,0.400899,-0.006283,3.145372,2.866234
O_DPWCDA1_MID,DRIFT,220.610800,32.031908,3.374104,-1.036165,-0.007102,10.803557,-0.119022,0.400899,-0.006283,3.147497,2.890063
O_DPWCDA1_END,DRIFT,221.110800,22.147098,3.568270,-0.835716,-0.010243,8.966062,-0.269310,0.400899,-0.006283,3.150485,2.913078
P_DPWCDA1_BEG,PROFILE,221.110800,22.147098,3.568270,-0.835716,-0.010243,8.966062,-0.269310,0.400899,-0.006283,3.150485,2.913078
P_DPWCDA1_MID,PROFILE,221.212400,20.363130,3.626096,-0.794985,-0.010881,8.592682,-0.299849,0.400899,-0.006283,3.151247,2.917574
P_DPWCDA1_END,PROFILE,221.314000,18.655032,3.690128,-0.754253,-0.011520,8.219303,-0.330388,0.400899,-0.006283,3.152077,2.921995
O_M4DABS_BEG,DRIFT,221.314000,18.655032,3.690128,-0.754253,-0.011520,8.219303,-0.330388,0.400899,-0.006283,3.152077,2.921995
O_M4DABS_MID,DRIFT,222.255150,6.439010,4.578257,-0.376947,-0.017433,4.760585,-0.613276,0.400899,-0.006283,3.165761,2.958764
O_M4DABS_END,DRIFT,223.196300,0.733332,5.998867,0.000359,-0.023346,1.301867,-0.896164,0.400899,-0.006283,3.237055,2.987502
W_M4DABS_BEG,ABSORBER,223.196300,0.733332,5.998867,0.000359,-0.023346,1.301867,-0.896164,0.400899,-0.006283,3.237055,2.987502
W_M4DABS_MID,ABSORBER,223.958300,0.883148,7.539150,0.305843,-0.028134,-1.498476,-1.125204,0.400899,-0.006283,3.539142,3.005574
W_M4DABS_END,ABSORBER,224.720300,5.300687,9.428490,0.611328,-0.032921,-4.298819,-1.354244,0.400899,-0.006283,3.596428,3.019978
O_LAST_BEG,DRIFT,224.720300,5.300687,9.428490,0.611328,-0.032921,-4.298819,-1.354244,0.400899,-0.006283,3.596428,3.019978
O_LAST_MID,DRIFT,224.720800,5.304986,9.429844,0.611529,-0.032924,-4.300657,-1.354395,0.400899,-0.006283,3.596443,3.019987
O_LAST_END,DRIFT,224.721300,5.309288,9.431199,0.611729,-0.032927,-4.302494,-1.354545,0.400899,-0.006283,3.596458,3.019995
W_LAST_BEG,BOUNDARY,224.721300,5.309288,9.431199,0.611729,-0.032927,-4.302494,-1.354545,0.400899,-0.006283,3.596458,3.019995
W_LAST_MID,BOUNDARY,224.721300,5.309288,9.431199,0.611729,-0.032927,-4.302494,-1.354545,0.400899,-0.006283,3.596458,3.019995
W_LAST_END,BOUNDARY,224.721300,5.309288,9.431199,0.611729,-0.032927,-4.302494,-1.354545,0.400899,-0.006283,3.596458,3.019995
