deltaTheta, admittance, numTot, numCutX, numCutY, numCutXY, numEnd, numHit, numHitCutXY
0, 50, 1000, 999, 1000, 999, 999, 989, 989
0.1, 50, 1000, 999, 1000, 999, 999, 986, 985
0.2, 50, 1000, 999, 1000, 999, 998, 987, 986
0.3, 50, 1000, 999, 1000, 999, 997, 979, 978
0.4, 50, 1000, 999, 1000, 999, 983, 962, 961
0.5, 50, 10000, 9989, 9993, 9982, 9676, 9404, 9398
0.6, 50, 10000, 9989, 9993, 9982, 9353, 9056, 9049
0.7, 50, 10000, 9989, 9993, 9982, 8788, 8446, 8439
0.8, 50, 10000, 9989, 9993, 9982, 7915, 7620, 7613
0.9, 50, 10000, 9989, 9993, 9982, 6752, 6461, 6454
1, 50, 10000, 9989, 9993, 9982, 5328, 5094, 5088
1.1, 50, 10000, 9989, 9993, 9982, 3871, 3687, 3683
1.2, 50, 10000, 9989, 9993, 9982, 2547, 2436, 2432
1.3, 50, 10000, 9989, 9993, 9982, 1538, 1461, 1457
1.4, 50, 10000, 9989, 9993, 9982, 776, 755, 752
1.5, 50, 100000, 99950, 99942, 99892, 3564, 3383, 3367
1.6, 50, 100000, 99950, 99942, 99892, 1414, 1332, 1318
1.7, 50, 1000002, 999484, 999443, 998927, 5168, 4920, 4804

